0.67,0.16,0.01,0.0
0.56,0.16,0.0,0.0
0.96,0.19,0.01,0.0
0.42,0.17,0.0,0.0
0.6,0.16,0.0,0.0
0.62,0.16,0.0,0.0
0.52,0.16,0.0,0.0
2.09,0.27,0.0,0.0
1.46,0.25,0.0,0.0
1.34,0.2,0.01,0.0
1.94,0.25,0.01,0.0
1.35,0.26,0.0,0.0
1.37,0.22,0.01,0.0
1.65,0.25,0.0,0.0
0.95,0.22,0.0,0.0
1.01,0.18,0.01,0.0
1.36,0.2,0.02,0.0
1.04,0.26,0.01,0.0
0.48,0.18,0.01,0.0
1.06,0.19,0.01,0.0
0.58,0.18,0.0,0.0
0.55,0.14,0.01,0.0
0.34,0.15,0.0,0.0
0.86,0.17,0.01,0.0
0.78,0.17,0.0,0.0
1.11,0.2,0.01,0.0
0.36,0.17,0.0,0.0
0.32,0.13,0.0,0.0
0.41,0.14,0.0,0.0
0.53,0.15,0.0,0.0
0.49,0.14,0.0,0.0
0.47,0.16,0.0,0.0
0.98,0.18,0.0,0.0
0.95,0.19,0.01,0.0
0.27,0.14,0.0,0.0
0.46,0.15,0.0,0.0
0.81,0.16,0.01,0.0
0.68,0.18,0.0,0.0
0.25,0.12,0.01,0.0
0.32,0.14,0.0,0.0
0.31,0.16,0.0,0.0
0.75,0.17,0.0,0.0
1.17,0.19,0.01,0.0
0.67,0.29,0.0,0.0
0.4,0.22,0.0,0.0
0.57,0.15,0.0,0.0
0.51,0.15,0.0,0.0
0.55,0.17,0.0,0.0
0.4,0.14,0.0,0.0
0.56,0.17,0.0,0.0
0.52,0.15,0.0,0.0
0.14,0.11,0.0,0.0
0.37,0.13,0.0,0.0
0.35,0.13,0.0,0.0
0.36,0.14,0.0,0.0
0.54,0.15,0.0,0.0
0.82,0.18,0.0,0.0
0.75,0.19,0.0,0.0
0.46,0.16,0.0,0.0
0.64,0.15,0.01,0.0
0.57,0.16,0.0,0.0
2.59,0.25,0.05,0.0
0.39,0.25,0.0,0.0
0.25,0.16,0.01,0.0
0.41,0.12,0.01,0.0
0.66,0.15,0.0,0.0
1.07,0.18,0.01,0.0
0.63,0.17,0.0,0.0
0.36,0.15,0.0,0.0
0.39,0.14,0.0,0.0
0.46,0.14,0.0,0.0
0.45,0.13,0.01,0.0
0.54,0.17,0.0,0.0
0.88,0.18,0.0,0.0
0.36,0.15,0.0,0.0
0.43,0.13,0.01,0.0
0.35,0.13,0.0,0.0
0.09,0.1,0.0,0.0
0.1,0.09,0.0,0.0
0.13,0.1,0.0,0.0
1.18,0.17,0.02,0.0
0.96,0.21,0.0,0.0
0.54,0.15,0.01,0.0
0.15,0.11,0.0,0.0
5.02,0.52,0.1,0.0
0.87,0.43,0.01,0.0
0.28,0.19,0.01,0.0
0.57,0.16,0.01,0.0
1.41,0.22,0.03,0.0
1.25,0.24,0.0,0.0
0.41,0.18,0.0,0.0
0.91,0.2,0.0,0.0
1.06,0.2,0.0,0.0
3.52,0.45,0.04,0.0
5.4,0.53,0.01,0.0
1.38,0.21,0.03,0.01
2.85,0.41,0.07,0.01
0.97,0.33,0.01,0.01
1.3,0.21,0.0,0.01
0.68,0.18,0.0,0.01
1.22,0.18,0.0,0.01
2.73,0.31,0.04,0.01
1.04,0.3,0.01,0.01
1.58,0.26,0.0,0.01
0.6,0.2,0.0,0.01
1.19,0.23,0.0,0.01
1.57,0.23,0.02,0.01
0.66,0.23,0.01,0.01
3.77,0.39,0.01,0.01
0.0,0.0,0.0,0.0
1.75,0.27,0.01,0.01
0.89,0.23,0.0,0.01
0.66,0.14,0.02,0.01
1.12,0.19,0.0,0.01
0.64,0.2,0.0,0.01
0.58,0.18,0.0,0.01
1.12,0.16,0.02,0.01
0.77,0.17,0.0,0.01
0.94,0.2,0.0,0.01
0.94,0.19,0.0,0.01
1.25,0.19,0.01,0.01
0.63,0.17,0.0,0.01
0.36,0.11,0.0,0.01
0.98,0.16,0.01,0.01
0.27,0.11,0.0,0.01
0.63,0.16,0.0,0.01
0.78,0.16,0.0,0.01
0.5,0.14,0.0,0.01
3.51,0.3,0.08,0.01
1.25,0.35,0.01,0.01
0.44,0.17,0.01,0.01
0.94,0.22,0.0,0.01
0.66,0.24,0.0,0.01
0.43,0.21,0.0,0.01
0.62,0.15,0.0,0.01
0.67,0.15,0.0,0.01
0.53,0.31,0.0,0.01
0.22,0.23,0.01,0.01
0.2,0.1,0.0,0.01
0.41,0.12,0.0,0.01
1.66,0.26,0.03,0.01
0.63,0.23,0.01,0.01
1.16,0.19,0.01,0.01
0.9,0.19,0.0,0.01
0.89,0.17,0.0,0.01
1.05,0.2,0.0,0.01
0.8,0.19,0.0,0.01
0.33,0.14,0.0,0.01
0.75,0.14,0.01,0.01
0.41,0.14,0.0,0.01
0.71,0.16,0.0,0.01
1.75,0.21,0.0,0.01
0.84,0.18,0.0,0.01
1.11,0.19,0.0,0.01
1.55,0.22,0.0,0.01
1.45,0.23,0.0,0.01
1.53,0.21,0.0,0.01
0.86,0.19,0.0,0.01
1.06,0.2,0.0,0.01
0.0,0.0,0.0,0.0
0.82,0.19,0.0,0.01
1.74,0.22,0.02,0.01
1.55,0.24,0.0,0.01
1.32,0.19,0.0,0.01
1.92,0.25,0.0,0.01
1.01,0.2,0.0,0.01
0.54,0.15,0.0,0.01
1.04,0.17,0.0,0.01
0.63,0.16,0.0,0.01
0.49,0.16,0.0,0.01
0.77,0.16,0.0,0.01
0.72,0.16,0.0,0.01
0.91,0.16,0.01,0.01
0.94,0.18,0.0,0.01
0.67,0.15,0.01,0.01
0.77,0.16,0.0,0.01
1.05,0.19,0.0,0.01
0.8,0.17,0.0,0.01
1.19,0.17,0.01,0.01
0.91,0.18,0.0,0.01
0.58,0.16,0.0,0.01
0.97,0.17,0.01,0.01
0.59,0.16,0.0,0.01
0.58,0.16,0.0,0.01
0.4,0.14,0.0,0.01
0.54,0.16,0.0,0.01
0.56,0.16,0.0,0.01
0.73,0.16,0.0,0.01
1.4,0.21,0.01,0.01
1.0,0.19,0.0,0.01
0.85,0.17,0.0,0.01
0.5,0.14,0.0,0.01
0.98,0.17,0.01,0.01
0.63,0.15,0.0,0.01
0.91,0.17,0.01,0.01
0.62,0.15,0.0,0.01
0.32,0.13,0.0,0.01
0.27,0.11,0.0,0.01
0.17,0.1,0.0,0.01
0.28,0.11,0.0,0.01
0.51,0.13,0.01,0.01
0.55,0.17,0.0,0.01
0.8,0.15,0.01,0.01
0.64,0.15,0.0,0.01
0.72,0.19,0.0,0.01
0.86,0.2,0.0,0.01
0.7,0.17,0.0,0.01
0.8,0.2,0.0,0.01
0.39,0.16,0.0,0.01
0.95,0.18,0.0,0.01
0.42,0.13,0.0,0.01
0.41,0.13,0.0,0.01
0.82,0.17,0.0,0.01
0.31,0.14,0.0,0.01
0.6,0.14,0.0,0.01
0.54,0.16,0.0,0.01
0.65,0.15,0.0,0.01
0.54,0.15,0.0,0.01
0.41,0.14,0.0,0.01
0.49,0.14,0.0,0.01
1.05,0.17,0.01,0.01
0.48,0.15,0.0,0.01
0.7,0.14,0.01,0.01
1.71,0.21,0.02,0.01
1.07,0.2,0.01,0.01
0.62,0.19,0.0,0.01
1.28,0.2,0.01,0.01
0.61,0.19,0.0,0.01
1.12,0.19,0.0,0.01
0.79,0.17,0.0,0.01
0.66,0.16,0.0,0.01
0.69,0.16,0.0,0.01
0.45,0.13,0.0,0.01
0.89,0.15,0.01,0.01
1.01,0.17,0.0,0.01
2.31,0.24,0.02,0.01
0.51,0.2,0.0,0.01
1.62,0.2,0.01,0.01
0.47,0.16,0.0,0.01
1.29,0.19,0.0,0.01
1.03,0.19,0.0,0.01
1.3,0.19,0.01,0.01
1.33,0.2,0.01,0.01
2.15,0.25,0.01,0.01
1.9,0.44,0.02,0.01
1.12,0.38,0.01,0.01
0.9,0.17,0.01,0.01
0.53,0.18,0.0,0.01
0.35,0.15,0.0,0.01
0.26,0.13,0.0,0.01
0.96,0.22,0.01,0.01
0.51,0.19,0.0,0.01
0.7,0.18,0.01,0.01
0.92,0.19,0.01,0.01
0.75,0.19,0.0,0.01
0.7,0.17,0.0,0.0
0.64,0.17,0.01,0.0
0.66,0.16,0.0,0.0
2.43,0.26,0.04,0.0
0.69,0.24,0.01,0.0
0.37,0.14,0.01,0.0
1.22,0.19,0.0,0.0
1.58,0.2,0.01,0.0
0.82,0.19,0.0,0.0
0.67,0.16,0.01,0.0
0.54,0.18,0.0,0.0
0.47,0.15,0.0,0.0
1.35,0.2,0.01,0.0
2.25,0.42,0.01,0.0
0.69,0.29,0.01,0.0
0.7,0.15,0.0,0.0
0.74,0.17,0.0,0.0
0.7,0.17,0.01,0.0
1.02,0.18,0.0,0.0
0.68,0.18,0.0,0.0
0.66,0.16,0.0,0.0
0.82,0.17,0.0,0.0
0.83,0.18,0.01,0.0
0.38,0.23,0.0,0.0
0.49,0.19,0.01,0.0
0.95,0.18,0.0,0.0
0.82,0.16,0.01,0.0
2.44,0.38,0.1,0.0
0.56,0.34,0.01,0.0
1.16,0.27,0.03,0.0
0.92,0.26,0.0,0.0
0.57,0.15,0.01,0.0
0.3,0.14,0.0,0.0
0.94,0.17,0.01,0.0
0.84,0.17,0.0,0.0
1.92,0.27,0.01,0.0
0.37,0.18,0.0,0.0
0.66,0.15,0.01,0.0
0.82,0.17,0.0,0.0
0.87,0.18,0.0,0.0
1.8,0.17,0.02,0.0
1.24,0.24,0.01,0.0
0.78,0.19,0.0,0.0
1.18,0.18,0.0,0.0
1.15,0.18,0.0,0.0
1.7,0.25,0.01,0.0
0.82,0.2,0.0,0.0
0.6,0.18,0.0,0.0
1.35,0.2,0.01,0.0
1.07,0.21,0.0,0.0
1.7,0.21,0.01,0.0
2.09,0.26,0.01,0.0
1.07,0.23,0.0,0.0
1.29,0.2,0.01,0.0
0.87,0.2,0.0,0.0
1.09,0.22,0.0,0.0
0.86,0.19,0.0,0.0
1.24,0.25,0.01,0.0
0.89,0.23,0.0,0.0
0.86,0.17,0.01,0.0
0.5,0.18,0.0,0.0
0.59,0.17,0.0,0.0
0.45,0.14,0.0,0.0
0.32,0.13,0.0,0.0
0.23,0.13,0.0,0.0
0.2,0.11,0.0,0.0
0.36,0.13,0.0,0.0
0.38,0.13,0.0,0.0
0.57,0.16,0.0,0.0
0.59,0.16,0.01,0.0
2.17,0.3,0.01,0.0
0.49,0.22,0.0,0.0
0.63,0.19,0.01,0.0
0.81,0.17,0.01,0.0
0.36,0.15,0.0,0.0
0.65,0.17,0.0,0.0
0.6,0.17,0.0,0.0
0.64,0.15,0.0,0.0
0.63,0.16,0.0,0.0
1.18,0.2,0.01,0.0
0.91,0.19,0.0,0.0
0.45,0.14,0.0,0.0
0.58,0.15,0.01,0.0
0.68,0.16,0.0,0.0
0.55,0.14,0.0,0.0
0.84,0.16,0.01,0.0
0.94,0.17,0.0,0.0
0.29,0.13,0.0,0.0
0.49,0.14,0.0,0.0
0.31,0.13,0.0,0.0
0.52,0.14,0.0,0.0
1.27,0.21,0.02,0.0
1.22,0.2,0.0,0.0
0.82,0.19,0.0,0.0
0.83,0.2,0.0,0.0
2.32,0.27,0.02,0.0
0.54,0.2,0.0,0.0
0.5,0.15,0.0,0.0
0.73,0.16,0.0,0.0
0.78,0.16,0.0,0.0
0.8,0.17,0.0,0.0
0.66,0.15,0.01,0.0
0.76,0.18,0.0,0.0
0.93,0.18,0.01,0.0
0.86,0.18,0.0,0.0
0.8,0.16,0.0,0.0
0.54,0.18,0.0,0.0
1.01,0.19,0.0,0.0
0.99,0.17,0.01,0.0
0.58,0.18,0.0,0.0
0.48,0.13,0.01,0.0
0.58,0.15,0.0,0.0
0.67,0.16,0.0,0.0
1.0,0.17,0.01,0.0
1.28,0.21,0.0,0.0
0.68,0.19,0.0,0.0
0.73,0.17,0.01,0.0
0.71,0.17,0.0,0.0
0.62,0.15,0.0,0.0
1.34,0.19,0.02,0.0
0.88,0.21,0.0,0.0
0.86,0.18,0.0,0.0
0.44,0.15,0.0,0.0
0.22,0.11,0.0,0.0
0.21,0.1,0.01,0.0
1.97,0.23,0.02,0.0
0.72,0.22,0.0,0.0
1.55,0.22,0.01,0.0
1.25,0.23,0.0,0.0
1.25,0.2,0.0,0.0
1.05,0.2,0.0,0.0
0.97,0.17,0.01,0.0
1.59,0.21,0.01,0.0
0.85,0.19,0.0,0.0
1.04,0.22,0.0,0.0
1.19,0.2,0.01,0.0
0.99,0.2,0.0,0.0
0.44,0.16,0.0,0.0
0.67,0.17,0.0,0.0
0.62,0.15,0.01,0.0
0.62,0.15,0.0,0.0
1.01,0.18,0.02,0.0
0.61,0.19,0.0,0.0
0.82,0.17,0.01,0.0
0.74,0.17,0.0,0.0
1.86,0.21,0.04,0.0
2.13,0.5,0.05,0.0
0.92,0.38,0.01,0.0
0.92,0.18,0.0,0.0
1.04,0.17,0.01,0.0
0.65,0.17,0.0,0.0
1.04,0.18,0.01,0.0
1.38,0.21,0.01,0.0
0.81,0.18,0.0,0.0
1.25,0.18,0.01,0.0
0.56,0.16,0.0,0.0
1.1,0.17,0.01,0.0
0.72,0.16,0.0,0.0
0.74,0.17,0.0,0.0
1.19,0.19,0.01,0.0
0.73,0.19,0.0,0.0
0.89,0.18,0.0,0.0
0.73,0.16,0.0,0.0
0.71,0.18,0.0,0.0
0.82,0.18,0.0,0.0
2.35,0.29,0.04,0.0
1.11,0.29,0.01,0.0
1.16,0.21,0.02,0.0
1.19,0.21,0.0,0.0
2.23,0.43,0.07,0.0
1.32,0.39,0.01,0.0
0.76,0.17,0.01,0.0
1.28,0.19,0.0,0.0
0.44,0.16,0.0,0.0
0.46,0.13,0.01,0.0
0.52,0.16,0.0,0.0
1.05,0.17,0.0,0.0
0.69,0.17,0.0,0.0
0.78,0.16,0.01,0.0
0.5,0.15,0.0,0.0
0.92,0.18,0.0,0.0
0.62,0.16,0.0,0.0
0.3,0.13,0.0,0.0
0.5,0.13,0.01,0.0
1.0,0.2,0.0,0.0
1.55,0.2,0.01,0.0
0.81,0.19,0.0,0.0
1.44,0.22,0.0,0.0
4.08,0.36,0.06,0.0
1.72,0.38,0.01,0.0
1.34,0.26,0.01,0.0
1.48,0.24,0.0,0.0
1.4,0.23,0.0,0.0
0.94,0.18,0.01,0.0
0.96,0.2,0.0,0.0
1.96,0.25,0.01,0.0
1.72,0.24,0.01,0.0
1.36,0.23,0.0,0.0
0.76,0.23,0.0,0.0
1.4,0.23,0.01,0.0
1.22,0.22,0.0,0.0
0.87,0.18,0.0,0.0
0.89,0.18,0.0,0.0
0.51,0.17,0.0,0.0
0.68,0.17,0.01,0.0
0.87,0.19,0.0,0.0
0.92,0.18,0.01,0.0
0.5,0.16,0.0,0.0
0.85,0.17,0.0,0.0
0.87,0.18,0.0,0.0
0.36,0.16,0.0,0.0
1.18,0.19,0.0,0.0
1.18,0.19,0.0,0.0
0.71,0.17,0.0,0.0
1.13,0.18,0.01,0.0
0.75,0.17,0.0,0.0
0.58,0.18,0.0,0.0
1.14,0.2,0.01,0.0
0.63,0.18,0.0,0.0
0.55,0.17,0.0,0.0
0.46,0.14,0.01,0.0
0.99,0.2,0.0,0.0
0.64,0.17,0.0,0.0
0.69,0.17,0.0,0.0
0.67,0.17,0.0,0.0
0.64,0.17,0.0,0.0
0.8,0.19,0.0,0.0
0.53,0.16,0.0,0.0
0.31,0.12,0.0,0.0
0.42,0.14,0.0,0.0
0.45,0.14,0.0,0.0
0.52,0.15,0.0,0.0
0.64,0.16,0.0,0.0
0.56,0.16,0.0,0.0
0.58,0.16,0.0,0.0
0.77,0.19,0.0,0.0
0.38,0.15,0.0,0.0
0.6,0.16,0.0,0.0
0.88,0.19,0.01,0.0
0.85,0.18,0.0,0.0
1.11,0.2,0.0,0.0
0.51,0.16,0.0,0.0
0.16,0.12,0.0,0.0
0.14,0.1,0.0,0.0
0.46,0.14,0.0,0.0
0.55,0.15,0.0,0.0
0.33,0.15,0.0,0.0
0.6,0.2,0.0,0.0
0.68,0.19,0.0,0.0
0.74,0.16,0.0,0.0
0.53,0.15,0.0,0.0
0.49,0.18,0.01,0.0
3.81,0.44,0.02,0.0
0.62,0.32,0.01,0.0
0.65,0.28,0.01,0.0
0.51,0.15,0.0,0.0
0.96,0.18,0.0,0.0
2.2,0.26,0.03,0.0
1.26,0.25,0.0,0.0
5.78,0.62,0.1,0.0
0.95,0.5,0.01,0.0
0.6,0.28,0.02,0.0
0.84,0.18,0.01,0.0
0.68,0.18,0.0,0.0
1.02,0.19,0.01,0.0
1.05,0.23,0.0,0.0
1.13,0.25,0.01,0.0
0.62,0.22,0.0,0.0
0.43,0.15,0.0,0.0
3.24,0.3,0.04,0.0
0.46,0.22,0.01,0.0
2.52,0.3,0.0,0.0
1.01,0.24,0.01,0.0
1.71,0.51,0.01,0.0
1.46,0.46,0.01,0.0
2.4,0.65,0.01,0.0
1.33,0.56,0.01,0.0
0.68,0.2,0.01,0.0
1.21,0.21,0.0,0.0
0.79,0.19,0.0,0.0
1.17,0.23,0.0,0.0
14.63,0.96,0.2,0.0
1.32,0.8,0.02,0.0
0.55,0.47,0.04,0.0
0.69,0.19,0.0,0.0
1.22,0.24,0.02,0.0
0.72,0.2,0.0,0.0
5.55,0.54,0.13,0.0
4.72,0.66,0.01,0.0
0.41,0.31,0.03,0.0
0.6,0.18,0.0,0.0
0.76,0.17,0.0,0.0
0.44,0.15,0.0,0.0
0.89,0.17,0.0,0.0
0.87,0.18,0.0,0.0
0.53,0.14,0.01,0.0
0.95,0.18,0.0,0.0
0.97,0.18,0.0,0.0
0.77,0.18,0.0,0.0
0.79,0.17,0.0,0.0
1.16,0.19,0.01,0.0
0.69,0.17,0.0,0.0
0.47,0.14,0.0,0.0
0.29,0.13,0.0,0.0
0.41,0.13,0.0,0.0
0.77,0.17,0.0,0.0
0.49,0.15,0.0,0.0
0.51,0.15,0.0,0.0
2.35,0.27,0.04,0.0
0.59,0.24,0.01,0.0
0.81,0.17,0.01,0.0
0.76,0.17,0.0,0.0
1.56,0.26,0.05,0.0
0.48,0.24,0.0,0.0
0.49,0.14,0.0,0.0
0.8,0.15,0.01,0.0
2.51,0.3,0.07,0.0
1.13,0.36,0.01,0.0
1.52,0.3,0.02,0.0
1.21,0.28,0.0,0.0
0.83,0.17,0.0,0.0
0.4,0.14,0.0,0.0
0.55,0.16,0.0,0.0
0.52,0.16,0.0,0.0
0.54,0.15,0.0,0.0
0.69,0.16,0.0,0.0
0.72,0.16,0.0,0.0
0.74,0.17,0.0,0.0
1.03,0.18,0.0,0.0
0.84,0.17,0.0,0.0
0.89,0.18,0.0,0.0
1.21,0.19,0.0,0.0
0.63,0.17,0.0,0.0
1.74,0.25,0.0,0.0
0.69,0.2,0.0,0.0
2.13,0.28,0.01,0.0
1.01,0.23,0.0,0.0
0.72,0.17,0.0,0.0
1.0,0.19,0.01,0.0
1.24,0.19,0.01,0.0
1.04,0.2,0.01,0.0
1.91,0.24,0.01,0.0
1.49,0.25,0.0,0.0
0.9,0.18,0.0,0.0
1.22,0.19,0.0,0.0
1.15,0.19,0.01,0.0
0.39,0.17,0.0,0.0
0.45,0.14,0.01,0.0
0.36,0.14,0.0,0.0
0.8,0.18,0.01,0.0
0.33,0.14,0.0,0.0
0.79,0.15,0.0,0.0
0.41,0.14,0.0,0.0
0.48,0.16,0.0,0.0
1.08,0.18,0.04,0.0
3.54,0.53,0.02,0.0
1.78,0.5,0.01,0.0
0.4,0.25,0.02,0.0
0.97,0.18,0.01,0.0
0.64,0.19,0.0,0.0
0.56,0.16,0.0,0.0
0.87,0.17,0.0,0.0
0.32,0.14,0.0,0.0
0.44,0.14,0.0,0.0
0.15,0.12,0.0,0.0
0.3,0.12,0.01,0.0
0.69,0.16,0.0,0.0
0.64,0.15,0.01,0.0
0.62,0.19,0.0,0.0
0.58,0.15,0.01,0.0
0.72,0.17,0.0,0.0
0.41,0.14,0.0,0.0
0.23,0.13,0.0,0.0
0.7,0.16,0.0,0.0
0.28,0.13,0.0,0.0
0.87,0.17,0.01,0.0
0.96,0.19,0.0,0.0
0.72,0.2,0.0,0.0
0.9,0.19,0.0,0.0
0.92,0.21,0.0,0.0
0.71,0.18,0.0,0.0
0.56,0.15,0.0,0.0
1.61,0.26,0.02,0.0
0.6,0.2,0.0,0.0
0.73,0.16,0.01,0.0
0.7,0.17,0.0,0.0
0.58,0.17,0.0,0.0
0.75,0.16,0.0,0.0
0.55,0.16,0.0,0.0
0.32,0.13,0.0,0.0
0.72,0.16,0.0,0.0
0.85,0.17,0.0,0.0
0.87,0.17,0.0,0.0
0.64,0.16,0.0,0.0
0.47,0.14,0.0,0.0
0.85,0.16,0.01,0.0
0.5,0.15,0.0,0.0
0.29,0.14,0.0,0.0
0.6,0.16,0.0,0.0
0.57,0.15,0.0,0.0
0.73,0.16,0.0,0.0
0.81,0.17,0.0,0.0
0.33,0.14,0.0,0.0
0.4,0.14,0.0,0.0
0.53,0.16,0.0,0.0
0.62,0.16,0.0,0.0
1.02,0.18,0.0,0.0
0.66,0.17,0.0,0.0
0.78,0.18,0.0,0.0
0.46,0.14,0.01,0.0
0.59,0.15,0.0,0.0
1.28,0.18,0.01,0.0
0.56,0.17,0.0,0.0
0.61,0.15,0.01,0.0
2.33,0.25,0.01,0.0
0.72,0.2,0.0,0.0
1.05,0.22,0.0,0.0
0.7,0.18,0.0,0.0
1.38,0.21,0.01,0.0
0.87,0.18,0.0,0.0
1.29,0.2,0.01,0.0
0.62,0.3,0.01,0.0
0.44,0.23,0.01,0.0
0.17,0.12,0.0,0.0
1.87,0.28,0.01,0.0
0.34,0.19,0.0,0.0
0.5,0.14,0.01,0.0
0.87,0.18,0.0,0.0
1.1,0.36,0.0,0.0
0.45,0.27,0.01,0.0
0.62,0.17,0.0,0.0
1.09,0.18,0.0,0.0
0.74,0.17,0.0,0.0
0.65,0.16,0.0,0.0
0.69,0.17,0.0,0.0
3.68,0.33,0.05,0.0
0.49,0.26,0.01,0.0
0.51,0.18,0.01,0.0
0.76,0.17,0.0,0.0
0.53,0.17,0.0,0.0
0.49,0.15,0.0,0.0
0.45,0.17,0.0,0.0
0.37,0.13,0.01,0.0
1.2,0.19,0.01,0.0
0.72,0.18,0.0,0.0
0.71,0.17,0.0,0.0
1.09,0.19,0.01,0.0
0.6,0.17,0.0,0.0
0.73,0.16,0.0,0.0
0.51,0.15,0.0,0.0
1.06,0.19,0.01,0.0
3.8,0.36,0.09,0.0
2.71,0.52,0.01,0.0
1.51,0.4,0.01,0.0
3.08,0.39,0.03,0.0
1.26,0.34,0.01,0.0
0.51,0.16,0.01,0.0
0.52,0.16,0.0,0.0
2.19,0.32,0.03,0.0
1.09,0.3,0.01,0.0
0.65,0.16,0.01,0.0
0.48,0.16,0.0,0.0
0.71,0.17,0.01,0.0
1.47,0.21,0.01,0.0
0.55,0.18,0.0,0.0
0.73,0.17,0.0,0.0
0.32,0.15,0.0,0.0
1.1,0.18,0.01,0.0
0.84,0.18,0.0,0.0
1.56,0.22,0.01,0.0
0.71,0.19,0.0,0.0
1.0,0.17,0.02,0.0
1.34,0.22,0.0,0.0
0.99,0.2,0.0,0.0
1.11,0.21,0.0,0.0
2.1,0.27,0.0,0.0
1.43,0.24,0.0,0.0
1.22,0.2,0.0,0.0
0.79,0.2,0.0,0.0
1.4,0.21,0.01,0.0
0.8,0.2,0.0,0.0
1.14,0.21,0.0,0.0
1.03,0.18,0.0,0.0
1.17,0.2,0.01,0.0
0.53,0.18,0.0,0.0
1.15,0.2,0.0,0.0
1.14,0.19,0.01,0.0
1.2,0.22,0.0,0.0
1.37,0.2,0.0,0.0
0.6,0.18,0.0,0.0
0.87,0.19,0.0,0.0
3.39,0.36,0.06,0.0
3.95,0.48,0.02,0.0
2.04,0.47,0.0,0.0
1.89,0.4,0.01,0.0
1.13,0.32,0.0,0.0
0.64,0.26,0.0,0.0
0.39,0.2,0.01,0.0
0.76,0.19,0.0,0.0
0.94,0.19,0.0,0.0
0.72,0.17,0.0,0.0
0.89,0.18,0.01,0.0
0.56,0.16,0.0,0.0
0.93,0.18,0.01,0.0
0.33,0.14,0.0,0.0
1.38,0.2,0.02,0.0
0.46,0.18,0.0,0.0
0.9,0.18,0.01,0.0
0.72,0.2,0.0,0.0
0.5,0.17,0.0,0.0
0.34,0.13,0.0,0.0
0.48,0.21,0.0,0.0
0.71,0.19,0.0,0.0
0.58,0.16,0.0,0.0
0.8,0.17,0.01,0.0
0.81,0.17,0.01,0.0
0.66,0.18,0.0,0.0
0.77,0.16,0.01,0.0
0.9,0.17,0.0,0.0
0.53,0.15,0.0,0.0
0.62,0.15,0.01,0.0
0.58,0.15,0.0,0.0
1.07,0.19,0.0,0.0
0.72,0.18,0.0,0.0
0.32,0.16,0.0,0.0
0.63,0.18,0.0,0.0
0.92,0.19,0.0,0.0
0.66,0.17,0.0,0.0
0.73,0.2,0.0,0.0
0.53,0.17,0.0,0.0
0.55,0.2,0.0,0.0
0.81,0.18,0.0,0.0
0.51,0.15,0.0,0.0
0.75,0.17,0.0,0.0
0.45,0.15,0.0,0.0
1.46,0.21,0.02,0.0
0.65,0.19,0.0,0.0
0.43,0.14,0.01,0.0
0.79,0.17,0.0,0.0
0.47,0.15,0.0,0.0
0.5,0.16,0.0,0.0
0.36,0.13,0.01,0.0
0.72,0.16,0.01,0.0
0.34,0.14,0.0,0.0
0.42,0.13,0.01,0.0
0.65,0.15,0.01,0.0
1.12,0.23,0.02,0.0
0.57,0.19,0.0,0.0
1.03,0.18,0.01,0.0
0.29,0.14,0.0,0.0
0.31,0.12,0.0,0.0
0.74,0.15,0.01,0.0
0.72,0.29,0.01,0.0
1.26,0.28,0.02,0.0
0.9,0.3,0.0,0.0
0.51,0.2,0.01,0.0
0.77,0.16,0.01,0.0
0.54,0.16,0.0,0.0
1.5,0.21,0.01,0.0
0.73,0.18,0.0,0.0
1.9,0.24,0.01,0.0
0.71,0.21,0.0,0.0
0.79,0.18,0.01,0.0
3.3,0.44,0.07,0.0
1.23,0.36,0.01,0.0
0.57,0.17,0.0,0.0
1.06,0.19,0.0,0.0
0.4,0.15,0.0,0.0
1.25,0.19,0.01,0.0
0.51,0.18,0.0,0.0
0.63,0.16,0.0,0.0
2.6,0.28,0.08,0.0
5.12,0.87,0.05,0.0
1.99,0.75,0.01,0.0
2.08,0.33,0.02,0.0
1.05,0.29,0.0,0.0
0.92,0.21,0.01,0.0
0.9,0.2,0.0,0.0
0.57,0.19,0.0,0.0
0.89,0.21,0.0,0.0
0.63,0.18,0.0,0.0
1.0,0.25,0.0,0.0
0.51,0.19,0.01,0.0
0.48,0.14,0.0,0.0
1.95,0.38,0.01,0.0
0.55,0.28,0.01,0.0
0.78,0.17,0.01,0.0
0.76,0.16,0.0,0.0
0.86,0.19,0.0,0.0
0.5,0.15,0.01,0.0
1.04,0.19,0.0,0.0
0.68,0.17,0.0,0.0
0.82,0.16,0.01,0.0
0.69,0.17,0.0,0.0
0.76,0.16,0.01,0.0
0.83,0.17,0.0,0.0
0.55,0.17,0.0,0.0
0.74,0.18,0.0,0.0
0.68,0.27,0.0,0.0
0.6,0.23,0.0,0.0
0.67,0.16,0.0,0.0
1.78,0.39,0.02,0.0
0.41,0.3,0.01,0.0
0.27,0.12,0.01,0.0
0.35,0.13,0.0,0.0
0.95,0.18,0.01,0.0
0.53,0.17,0.0,0.0
0.8,0.16,0.01,0.0
1.0,0.22,0.0,0.0
0.75,0.18,0.0,0.0
0.94,0.18,0.01,0.0
0.78,0.17,0.01,0.0
0.89,0.19,0.01,0.0
1.23,0.21,0.01,0.0
0.44,0.18,0.0,0.0
0.42,0.14,0.0,0.0
1.49,0.2,0.01,0.0
0.56,0.16,0.0,0.0
2.48,0.27,0.01,0.0
1.33,0.23,0.0,0.0
0.89,0.17,0.01,0.0
0.91,0.21,0.0,0.0
1.73,0.22,0.01,0.0
2.49,0.28,0.02,0.0
1.55,0.26,0.0,0.0
1.35,0.21,0.02,0.0
0.78,0.2,0.0,0.0
0.99,0.22,0.0,0.0
2.21,0.25,0.01,0.0
1.25,0.23,0.0,0.0
0.75,0.17,0.0,0.0
0.63,0.17,0.0,0.0
0.58,0.18,0.0,0.0
0.63,0.16,0.01,0.0
0.39,0.15,0.0,0.0
0.66,0.17,0.0,0.0
1.06,0.19,0.03,0.0
13.94,1.29,0.05,0.0
1.12,0.74,0.03,0.0
0.8,0.25,0.03,0.0
0.47,0.17,0.0,0.0
0.92,0.19,0.01,0.0
0.55,0.19,0.0,0.0
1.02,0.19,0.01,0.0
0.63,0.18,0.0,0.0
0.67,0.18,0.0,0.0
0.9,0.19,0.01,0.0
0.6,0.18,0.0,0.0
1.01,0.18,0.02,0.0
0.86,0.2,0.0,0.0
1.01,0.2,0.01,0.0
0.39,0.16,0.0,0.0
0.5,0.16,0.0,0.0
0.94,0.19,0.0,0.0
0.5,0.17,0.0,0.0
0.49,0.15,0.0,0.0
0.69,0.16,0.01,0.0
1.19,0.2,0.0,0.0
0.21,0.14,0.0,0.0
0.76,0.18,0.0,0.0
0.98,0.2,0.01,0.0
1.3,0.2,0.0,0.0
0.49,0.16,0.0,0.0
0.27,0.14,0.0,0.0
0.15,0.1,0.0,0.0
0.5,0.14,0.01,0.0
0.4,0.14,0.0,0.0
0.68,0.18,0.0,0.0
0.99,0.18,0.0,0.0
0.41,0.16,0.0,0.0
0.9,0.19,0.01,0.0
0.41,0.16,0.0,0.0
0.8,0.18,0.0,0.0
0.33,0.15,0.0,0.0
0.6,0.16,0.0,0.0
0.19,0.11,0.01,0.0
0.47,0.19,0.0,0.0
1.33,0.23,0.0,0.0
0.28,0.16,0.0,0.0
0.72,0.22,0.0,0.0
1.04,0.24,0.0,0.0
0.89,0.24,0.0,0.0
1.17,0.3,0.0,0.0
0.89,0.24,0.0,0.0
0.79,0.18,0.0,0.0
0.67,0.18,0.0,0.0
0.85,0.19,0.01,0.0
0.3,0.15,0.0,0.0
0.79,0.17,0.01,0.0
0.5,0.15,0.0,0.0
0.74,0.17,0.0,0.0
0.85,0.17,0.01,0.0
0.53,0.15,0.01,0.0
0.4,0.16,0.0,0.0
0.52,0.16,0.0,0.0
0.73,0.18,0.0,0.0
1.55,0.25,0.02,0.0
2.19,0.34,0.02,0.0
2.58,0.42,0.01,0.0
2.74,0.43,0.0,0.0
3.29,0.49,0.01,0.0
3.12,0.55,0.01,0.0
2.54,0.53,0.0,0.0
3.29,0.52,0.0,0.0
4.3,0.57,0.03,0.0
4.12,0.63,0.0,0.0
3.51,0.6,0.0,0.0
5.94,0.76,0.09,0.0
3.78,0.91,0.01,0.0
1.06,0.48,0.04,0.0
1.28,0.26,0.0,0.0
0.73,0.2,0.01,0.0
1.79,0.25,0.01,0.0
0.98,0.23,0.0,0.0
1.17,0.21,0.02,0.0
0.96,0.2,0.0,0.0
0.73,0.19,0.0,0.0
0.67,0.16,0.0,0.0
0.81,0.16,0.01,0.0
0.81,0.17,0.0,0.0
0.8,0.17,0.0,0.0
1.04,0.21,0.0,0.0
1.62,0.22,0.03,0.0
0.28,0.22,0.0,0.0
0.16,0.15,0.01,0.0
0.53,0.15,0.0,0.0
0.46,0.15,0.0,0.0
1.37,0.22,0.02,0.0
0.81,0.21,0.0,0.0
0.67,0.16,0.0,0.0
0.43,0.15,0.0,0.0
0.64,0.16,0.0,0.0
0.67,0.17,0.0,0.0
0.62,0.16,0.0,0.0
0.68,0.16,0.0,0.0
0.43,0.17,0.0,0.0
0.56,0.17,0.0,0.0
1.54,0.22,0.02,0.0
0.7,0.22,0.0,0.0
0.95,0.19,0.0,0.0
1.33,0.21,0.02,0.0
0.65,0.24,0.0,0.0
0.72,0.19,0.01,0.0
0.8,0.18,0.0,0.0
1.95,0.25,0.03,0.0
0.38,0.21,0.0,0.0
0.84,0.2,0.0,0.0
0.47,0.16,0.0,0.0
0.69,0.16,0.0,0.0
0.44,0.15,0.0,0.0
0.55,0.15,0.0,0.0
1.33,0.21,0.04,0.0
0.88,0.29,0.01,0.0
3.19,0.34,0.07,0.0
0.67,0.45,0.01,0.0
0.69,0.37,0.01,0.0
0.67,0.19,0.0,0.0
0.99,0.18,0.01,0.0
0.82,0.21,0.0,0.0
0.55,0.16,0.01,0.0
0.4,0.15,0.0,0.0
0.62,0.17,0.0,0.0
1.85,0.22,0.02,0.0
1.84,0.24,0.0,0.0
0.97,0.21,0.0,0.0
0.88,0.18,0.0,0.0
2.56,0.37,0.01,0.0
1.15,0.32,0.01,0.0
1.29,0.2,0.03,0.0
1.32,0.25,0.0,0.0
0.33,0.18,0.0,0.0
0.7,0.22,0.0,0.0
1.57,0.23,0.01,0.0
0.97,0.22,0.0,0.0
1.41,0.22,0.0,0.0
0.65,0.2,0.0,0.0
0.94,0.18,0.01,0.0
0.42,0.16,0.0,0.0
0.67,0.19,0.0,0.0
0.46,0.17,0.0,0.0
0.52,0.18,0.0,0.0
0.88,0.19,0.0,0.0
0.43,0.16,0.0,0.0
0.22,0.14,0.0,0.0
0.18,0.12,0.0,0.0
0.46,0.16,0.0,0.0
1.01,0.18,0.01,0.0
0.92,0.18,0.0,0.0
0.97,0.2,0.01,0.0
0.93,0.2,0.0,0.0
0.47,0.16,0.0,0.0
0.74,0.17,0.0,0.0
0.59,0.17,0.0,0.0
0.86,0.17,0.0,0.0
0.38,0.14,0.0,0.0
0.77,0.17,0.0,0.0
0.76,0.17,0.0,0.0
0.99,0.19,0.0,0.0
0.55,0.17,0.0,0.0
0.9,0.18,0.0,0.0
0.74,0.17,0.01,0.0
1.73,0.21,0.01,0.0
0.5,0.19,0.0,0.0
0.66,0.17,0.0,0.0
0.82,0.18,0.0,0.0
0.56,0.16,0.0,0.0
0.32,0.13,0.0,0.0
0.64,0.17,0.0,0.0
0.98,0.19,0.0,0.0
0.54,0.17,0.0,0.0
0.8,0.18,0.0,0.0
0.45,0.16,0.0,0.0
0.66,0.2,0.0,0.0
0.45,0.15,0.01,0.0
0.48,0.15,0.01,0.0
1.05,0.2,0.01,0.0
0.67,0.19,0.0,0.0
0.69,0.16,0.0,0.0
0.68,0.18,0.0,0.0
0.97,0.2,0.0,0.0
0.87,0.18,0.0,0.0
0.56,0.16,0.0,0.0
1.19,0.19,0.01,0.0
0.69,0.19,0.0,0.0
0.79,0.16,0.01,0.0
0.58,0.16,0.0,0.0
0.54,0.16,0.0,0.0
0.57,0.18,0.0,0.0
0.5,0.17,0.0,0.0
0.23,0.12,0.01,0.0
0.67,0.15,0.0,0.0
1.23,0.2,0.01,0.0
0.46,0.17,0.0,0.0
0.84,0.17,0.01,0.0
0.33,0.22,0.0,0.0
1.39,0.26,0.01,0.0
0.35,0.13,0.0,0.0
0.67,0.19,0.0,0.0
0.57,0.17,0.0,0.0
0.82,0.18,0.0,0.0
0.85,0.18,0.0,0.0
0.46,0.16,0.0,0.0
0.14,0.11,0.0,0.0
0.27,0.13,0.0,0.0
0.3,0.12,0.0,0.0
0.79,0.16,0.0,0.0
0.6,0.16,0.01,0.0
1.05,0.24,0.0,0.0
0.95,0.23,0.0,0.0
1.45,0.24,0.0,0.0
0.74,0.19,0.0,0.0
0.85,0.18,0.0,0.0
0.9,0.32,0.01,0.0
3.3,0.46,0.01,0.0
1.11,0.35,0.01,0.0
1.12,0.21,0.0,0.0
0.85,0.22,0.0,0.0
0.94,0.18,0.0,0.0
0.55,0.17,0.0,0.0
1.28,0.3,0.0,0.0
1.53,0.31,0.01,0.0
0.99,0.3,0.0,0.0
0.53,0.24,0.01,0.0
1.03,0.2,0.0,0.0
0.79,0.19,0.0,0.0
1.62,0.23,0.02,0.0
0.81,0.21,0.0,0.0
0.0,0.0,0.0,0.0
0.39,0.15,0.0,0.0
0.71,0.16,0.01,0.0
1.3,0.21,0.02,0.0
0.86,0.22,0.0,0.0
1.12,0.19,0.01,0.0
1.01,0.19,0.0,0.0
0.73,0.18,0.0,0.0
6.07,0.57,0.17,0.0
0.84,0.62,0.03,0.0
1.09,0.62,0.02,0.0
0.66,0.17,0.0,0.0
0.42,0.15,0.0,0.0
1.27,0.23,0.0,0.0
0.78,0.2,0.0,0.0
0.47,0.15,0.0,0.0
2.18,0.34,0.05,0.0
0.69,0.3,0.01,0.0
1.43,0.25,0.03,0.0
1.65,0.26,0.0,0.0
1.01,0.23,0.0,0.0
0.76,0.23,0.0,0.0
1.47,0.28,0.03,0.0
2.03,0.3,0.01,0.0
0.51,0.23,0.0,0.0
0.91,0.18,0.01,0.0
1.18,0.26,0.01,0.0
0.92,0.24,0.01,0.0
2.93,0.24,0.03,0.01
0.83,0.28,0.01,0.01
1.05,0.26,0.01,0.01
1.39,0.19,0.01,0.01
0.87,0.18,0.0,0.01
0.5,0.14,0.0,0.01
0.33,0.13,0.0,0.01
0.82,0.17,0.0,0.01
0.56,0.18,0.0,0.01
0.38,0.13,0.01,0.01
0.32,0.11,0.0,0.01
0.26,0.1,0.0,0.01
0.47,0.11,0.01,0.01
0.57,0.13,0.0,0.01
0.27,0.11,0.0,0.01
0.64,0.15,0.0,0.01
0.48,0.14,0.0,0.01
1.08,0.16,0.0,0.01
1.01,0.18,0.0,0.01
1.48,0.27,0.0,0.01
0.66,0.19,0.01,0.01
0.52,0.12,0.01,0.01
1.02,0.18,0.01,0.01
0.72,0.15,0.0,0.01
0.68,0.15,0.0,0.01
0.82,0.14,0.0,0.01
0.99,0.18,0.0,0.01
0.9,0.17,0.0,0.01
0.71,0.15,0.0,0.01
0.8,0.16,0.0,0.01
0.74,0.15,0.0,0.01
0.89,0.15,0.0,0.01
0.24,0.13,0.0,0.01
0.54,0.13,0.0,0.01
0.35,0.13,0.0,0.01
0.45,0.12,0.0,0.01
0.61,0.14,0.0,0.01
0.59,0.14,0.0,0.01
0.58,0.14,0.0,0.01
0.66,0.14,0.0,0.01
0.8,0.15,0.0,0.01
1.35,0.19,0.0,0.01
1.5,0.22,0.0,0.01
1.55,0.22,0.0,0.01
1.4,0.2,0.0,0.01
1.2,0.19,0.0,0.01
0.92,0.18,0.0,0.01
1.07,0.18,0.0,0.01
1.45,0.21,0.0,0.01
8.33,1.09,0.06,0.01
3.04,0.94,0.02,0.01
0.94,0.34,0.03,0.01
0.39,0.15,0.0,0.01
0.92,0.16,0.0,0.01
0.95,0.18,0.0,0.01
0.94,0.18,0.0,0.01
0.57,0.15,0.0,0.01
0.5,0.13,0.0,0.01
0.76,0.15,0.0,0.01
0.73,0.15,0.0,0.01
0.67,0.14,0.0,0.01
0.7,0.15,0.0,0.01
0.91,0.18,0.0,0.01
1.09,0.17,0.0,0.01
0.51,0.14,0.0,0.01
1.41,0.19,0.01,0.01
0.95,0.21,0.0,0.01
1.02,0.17,0.0,0.01
0.74,0.16,0.0,0.01
0.43,0.12,0.0,0.01
0.4,0.12,0.0,0.01
0.16,0.1,0.0,0.01
0.98,0.17,0.0,0.01
0.51,0.16,0.0,0.01
1.09,0.19,0.0,0.01
0.82,0.18,0.0,0.01
0.53,0.15,0.0,0.01
0.84,0.16,0.0,0.01
0.59,0.14,0.0,0.01
0.65,0.15,0.0,0.01
0.67,0.14,0.0,0.01
0.56,0.15,0.0,0.01
1.53,0.19,0.01,0.01
1.0,0.19,0.0,0.01
1.21,0.19,0.0,0.01
0.69,0.15,0.0,0.01
0.82,0.16,0.0,0.01
0.72,0.19,0.0,0.01
0.61,0.17,0.0,0.01
0.76,0.16,0.0,0.01
0.74,0.15,0.01,0.01
0.87,0.16,0.0,0.01
1.38,0.18,0.01,0.01
15.17,1.41,0.15,0.01
1.48,1.15,0.02,0.01
0.86,0.95,0.03,0.01
0.8,0.16,0.01,0.01
1.46,0.25,0.0,0.01
0.86,0.2,0.0,0.01
1.36,0.2,0.0,0.01
0.92,0.19,0.0,0.01
0.73,0.15,0.0,0.01
2.44,0.25,0.06,0.01
1.31,0.39,0.01,0.01
0.95,0.27,0.01,0.01
0.65,0.17,0.0,0.01
0.8,0.19,0.0,0.01
1.16,0.2,0.0,0.01
0.87,0.19,0.0,0.01
0.68,0.16,0.0,0.01
0.64,0.17,0.0,0.01
3.81,0.35,0.07,0.01
3.9,0.93,0.03,0.01
1.26,0.63,0.02,0.01
0.89,0.22,0.0,0.01
0.71,0.19,0.0,0.01
1.0,0.18,0.0,0.01
1.33,0.22,0.01,0.01
0.71,0.21,0.0,0.01
0.49,0.13,0.01,0.01
0.83,0.17,0.01,0.01
0.85,0.17,0.01,0.01
1.12,0.23,0.0,0.01
0.97,0.18,0.01,0.01
0.71,0.17,0.0,0.01
0.77,0.2,0.0,0.01
0.68,0.16,0.0,0.01
0.48,0.15,0.0,0.01
1.09,0.17,0.01,0.01
0.39,0.14,0.0,0.01
0.32,0.13,0.0,0.01
0.7,0.16,0.0,0.01
0.7,0.15,0.0,0.01
0.6,0.16,0.0,0.01
1.11,0.19,0.0,0.01
0.84,0.16,0.0,0.01
0.86,0.18,0.0,0.01
0.93,0.16,0.0,0.01
1.91,0.34,0.01,0.01
0.88,0.28,0.01,0.01
1.46,0.18,0.02,0.01
0.99,0.27,0.0,0.01
0.63,0.21,0.01,0.01
0.87,0.17,0.0,0.01
2.93,0.48,0.06,0.01
0.88,0.4,0.01,0.01
0.72,0.17,0.01,0.01
0.75,0.19,0.0,0.01
0.89,0.19,0.0,0.01
0.95,0.17,0.0,0.01
1.22,0.18,0.01,0.01
0.74,0.18,0.0,0.01
1.2,0.32,0.01,0.01
1.4,0.31,0.0,0.01
1.58,0.3,0.0,0.01
1.5,0.26,0.0,0.01
1.15,0.19,0.0,0.01
0.61,0.16,0.0,0.01
0.88,0.17,0.0,0.01
1.03,0.2,0.0,0.01
1.27,0.19,0.01,0.01
1.01,0.19,0.0,0.01
0.62,0.16,0.0,0.01
0.91,0.19,0.0,0.01
0.89,0.2,0.0,0.01
0.83,0.18,0.01,0.01
0.73,0.17,0.0,0.01
0.37,0.14,0.0,0.01
1.13,0.18,0.0,0.01
0.82,0.18,0.0,0.01
1.0,0.18,0.0,0.01
0.89,0.18,0.0,0.01
0.89,0.17,0.0,0.01
1.18,0.2,0.01,0.01
0.93,0.19,0.0,0.01
0.97,0.19,0.0,0.01
1.04,0.18,0.01,0.01
0.94,0.18,0.01,0.01
0.79,0.18,0.0,0.01
0.44,0.14,0.0,0.01
0.66,0.17,0.0,0.01
1.57,0.2,0.01,0.01
0.78,0.19,0.0,0.01
0.59,0.17,0.0,0.01
0.5,0.14,0.0,0.01
0.72,0.15,0.0,0.01
0.62,0.16,0.0,0.01
0.55,0.15,0.0,0.01
0.84,0.18,0.0,0.01
0.79,0.18,0.0,0.01
0.39,0.15,0.0,0.01
0.2,0.11,0.0,0.01
0.43,0.14,0.0,0.01
0.49,0.14,0.0,0.01
1.15,0.19,0.01,0.01
0.72,0.17,0.0,0.01
1.09,0.19,0.01,0.01
0.73,0.19,0.0,0.01
0.8,0.16,0.01,0.01
0.96,0.17,0.0,0.01
0.57,0.16,0.0,0.01
0.79,0.16,0.0,0.01
0.42,0.13,0.0,0.01
0.82,0.17,0.0,0.01
0.73,0.17,0.0,0.01
0.87,0.17,0.0,0.01
1.0,0.2,0.01,0.01
1.01,0.2,0.0,0.01
0.72,0.18,0.0,0.01
1.02,0.2,0.0,0.01
1.07,0.19,0.0,0.01
1.38,0.19,0.0,0.01
0.63,0.18,0.0,0.01
0.67,0.16,0.0,0.01
0.9,0.17,0.01,0.01
0.57,0.15,0.0,0.01
0.78,0.16,0.0,0.01
0.55,0.15,0.0,0.01
0.87,0.16,0.01,0.01
0.69,0.16,0.0,0.01
0.92,0.17,0.0,0.01
0.52,0.15,0.0,0.01
0.88,0.16,0.0,0.01
0.68,0.17,0.0,0.01
0.55,0.14,0.01,0.01
0.76,0.15,0.0,0.01
0.82,0.16,0.0,0.01
0.66,0.15,0.0,0.01
0.8,0.16,0.0,0.01
2.12,0.24,0.02,0.01
0.81,0.22,0.0,0.01
1.46,0.21,0.0,0.01
1.14,0.21,0.01,0.01
1.25,0.21,0.0,0.01
0.64,0.18,0.0,0.01
0.51,0.13,0.01,0.01
1.01,0.18,0.0,0.01
0.71,0.17,0.0,0.01
1.0,0.17,0.0,0.01
0.59,0.17,0.0,0.01
0.93,0.17,0.0,0.01
2.85,0.27,0.03,0.01
0.91,0.24,0.01,0.01
1.26,0.18,0.0,0.01
1.32,0.21,0.01,0.01
0.93,0.2,0.0,0.01
1.13,0.18,0.01,0.01
0.96,0.17,0.0,0.01
2.15,0.25,0.03,0.01
0.54,0.31,0.01,0.01
0.75,0.26,0.01,0.01
0.97,0.2,0.0,0.01
0.63,0.18,0.0,0.01
0.58,0.18,0.0,0.01
1.42,0.2,0.01,0.01
1.12,0.2,0.0,0.01
0.82,0.17,0.0,0.01
0.49,0.15,0.0,0.01
0.8,0.15,0.01,0.01
1.04,0.19,0.0,0.01
0.55,0.17,0.0,0.01
1.03,0.22,0.0,0.01
0.58,0.19,0.0,0.01
1.39,0.27,0.0,0.01
0.8,0.22,0.0,0.01
0.95,0.2,0.0,0.01
0.6,0.17,0.0,0.01
0.88,0.2,0.0,0.01
0.67,0.16,0.0,0.01
1.09,0.18,0.0,0.01
0.63,0.16,0.0,0.01
0.89,0.17,0.0,0.01
0.57,0.16,0.0,0.01
0.45,0.14,0.0,0.01
1.13,0.17,0.01,0.01
0.33,0.14,0.0,0.01
0.55,0.15,0.0,0.01
0.7,0.15,0.0,0.01
1.19,0.19,0.0,0.01
0.79,0.17,0.0,0.01
0.63,0.25,0.0,0.01
1.08,0.23,0.01,0.01
0.83,0.22,0.0,0.01
0.78,0.17,0.02,0.01
0.97,0.28,0.0,0.01
0.73,0.22,0.01,0.01
0.65,0.16,0.0,0.01
2.74,0.37,0.07,0.01
0.77,0.35,0.01,0.01
0.36,0.16,0.01,0.01
0.46,0.17,0.0,0.01
0.63,0.16,0.01,0.01
0.76,0.16,0.01,0.01
0.7,0.18,0.0,0.01
0.92,0.16,0.02,0.01
1.01,0.23,0.0,0.01
2.03,0.27,0.02,0.01
1.41,0.27,0.01,0.01
2.01,0.23,0.01,0.01
1.09,0.23,0.0,0.01
3.35,0.29,0.02,0.01
1.93,0.32,0.0,0.01
1.97,0.29,0.01,0.01
1.25,0.25,0.0,0.01
1.1,0.17,0.01,0.0
0.77,0.2,0.0,0.0
1.75,0.26,0.01,0.0
1.52,0.24,0.0,0.0
1.06,0.24,0.0,0.0
2.84,0.33,0.01,0.0
1.67,0.39,0.01,0.0
0.57,0.25,0.01,0.0
0.66,0.14,0.01,0.0
1.02,0.21,0.0,0.0
0.67,0.16,0.01,0.0
0.78,0.17,0.0,0.0
0.75,0.18,0.0,0.0
0.54,0.17,0.0,0.0
0.79,0.18,0.0,0.0
0.95,0.18,0.0,0.0
0.97,0.19,0.01,0.0
0.57,0.17,0.0,0.0
1.12,0.2,0.0,0.0
0.94,0.19,0.0,0.0
0.77,0.17,0.0,0.0
1.1,0.18,0.0,0.0
1.28,0.19,0.0,0.0
0.59,0.17,0.0,0.0
0.87,0.15,0.01,0.0
0.87,0.18,0.0,0.0
1.28,0.2,0.01,0.0
0.64,0.2,0.0,0.0
0.79,0.18,0.0,0.0
1.15,0.19,0.0,0.0
1.02,0.18,0.01,0.0
0.74,0.33,0.01,0.0
0.35,0.26,0.01,0.0
0.74,0.19,0.0,0.0
1.09,0.19,0.0,0.0
0.45,0.16,0.0,0.0
0.56,0.15,0.0,0.0
0.79,0.16,0.01,0.0
0.83,0.17,0.0,0.0
1.2,0.25,0.01,0.0
1.49,0.31,0.0,0.0
0.24,0.21,0.01,0.0
0.67,0.17,0.0,0.0
0.68,0.18,0.0,0.0
0.93,0.18,0.0,0.0
0.48,0.16,0.0,0.0
0.64,0.14,0.0,0.0
0.63,0.18,0.0,0.0
0.54,0.15,0.0,0.0
0.82,0.17,0.0,0.0
0.58,0.18,0.0,0.0
0.66,0.17,0.0,0.0
0.45,0.14,0.0,0.0
0.69,0.16,0.0,0.0
0.93,0.18,0.0,0.0
0.59,0.16,0.0,0.0
0.95,0.18,0.0,0.0
1.98,0.3,0.04,0.0
2.53,0.41,0.01,0.0
0.87,0.34,0.0,0.0
0.8,0.2,0.01,0.0
0.48,0.15,0.0,0.0
0.75,0.18,0.0,0.0
0.48,0.14,0.0,0.0
0.99,0.17,0.0,0.0
0.51,0.15,0.0,0.0
0.5,0.16,0.0,0.0
0.5,0.15,0.0,0.0
1.06,0.22,0.0,0.0
0.61,0.18,0.0,0.0
0.8,0.17,0.0,0.0
0.76,0.17,0.0,0.0
0.73,0.17,0.0,0.0
1.02,0.19,0.0,0.0
0.58,0.16,0.0,0.0
0.98,0.17,0.0,0.0
0.41,0.15,0.0,0.0
0.56,0.18,0.0,0.0
0.76,0.17,0.0,0.0
0.66,0.16,0.0,0.0
0.73,0.19,0.0,0.0
0.89,0.18,0.01,0.0
1.61,0.28,0.01,0.0
1.85,0.29,0.0,0.0
1.66,0.23,0.0,0.0
0.53,0.17,0.0,0.0
0.84,0.22,0.0,0.0
1.09,0.2,0.0,0.0
0.77,0.18,0.0,0.0
1.03,0.23,0.0,0.0
0.57,0.16,0.01,0.0
1.05,0.18,0.01,0.0
0.68,0.18,0.0,0.0
0.62,0.16,0.0,0.0
0.68,0.16,0.0,0.0
0.62,0.18,0.0,0.0
1.08,0.2,0.0,0.0
0.54,0.17,0.0,0.0
0.52,0.15,0.0,0.0
0.49,0.15,0.0,0.0
0.7,0.16,0.0,0.0
1.67,0.23,0.01,0.0
0.78,0.2,0.0,0.0
0.91,0.17,0.0,0.0
1.06,0.23,0.0,0.0
0.65,0.19,0.0,0.0
1.43,0.2,0.01,0.0
1.13,0.22,0.0,0.0
1.28,0.2,0.0,0.0
1.05,0.19,0.0,0.0
0.78,0.2,0.0,0.0
1.02,0.19,0.0,0.0
1.05,0.19,0.0,0.0
0.94,0.19,0.0,0.0
0.8,0.18,0.0,0.0
0.82,0.19,0.0,0.0
0.58,0.18,0.0,0.0
1.04,0.18,0.01,0.0
0.47,0.16,0.0,0.0
0.8,0.16,0.01,0.0
0.77,0.2,0.0,0.0
1.67,0.21,0.01,0.0
0.85,0.19,0.0,0.0
2.47,0.25,0.05,0.0
2.04,0.38,0.01,0.0
0.41,0.22,0.01,0.0
0.18,0.12,0.0,0.0
0.32,0.13,0.0,0.0
9.92,0.89,0.11,0.0
3.25,0.87,0.02,0.0
0.7,0.56,0.03,0.0
0.62,0.19,0.0,0.0
0.39,0.14,0.0,0.0
0.86,0.18,0.0,0.0
0.7,0.17,0.0,0.0
0.67,0.15,0.0,0.0
0.86,0.19,0.01,0.0
1.16,0.22,0.0,0.0
1.99,0.29,0.0,0.0
1.75,0.29,0.0,0.0
1.73,0.27,0.02,0.0
2.54,0.33,0.03,0.0
13.38,1.82,0.02,0.01
1.25,1.06,0.02,0.01
0.84,0.18,0.0,0.0
0.81,0.31,0.01,0.0
0.69,0.29,0.01,0.0
1.3,0.19,0.01,0.0
0.65,0.17,0.0,0.0
0.81,0.18,0.0,0.0
0.65,0.16,0.0,0.0
0.78,0.17,0.01,0.0
0.93,0.19,0.0,0.0
0.5,0.18,0.0,0.0
0.64,0.18,0.0,0.0
1.2,0.19,0.01,0.0
0.78,0.18,0.0,0.0
0.65,0.17,0.0,0.0
0.77,0.17,0.0,0.0
0.85,0.2,0.0,0.0
0.59,0.16,0.01,0.0
0.66,0.17,0.0,0.0
0.64,0.16,0.0,0.0
1.3,0.2,0.0,0.0
0.86,0.18,0.0,0.0
1.0,0.18,0.01,0.0
1.16,0.19,0.01,0.0
0.8,0.18,0.0,0.0
0.72,0.18,0.0,0.0
0.6,0.17,0.0,0.0
0.87,0.18,0.0,0.0
0.87,0.18,0.0,0.0
1.13,0.19,0.0,0.0
0.49,0.16,0.0,0.0
0.53,0.16,0.0,0.0
0.77,0.16,0.01,0.0
0.74,0.19,0.0,0.0
1.06,0.18,0.01,0.0
0.5,0.18,0.0,0.0
0.59,0.17,0.0,0.0
0.61,0.16,0.0,0.0
0.59,0.18,0.0,0.0
1.11,0.18,0.01,0.0
13.06,1.28,0.12,0.0
1.17,0.89,0.02,0.0
0.27,0.47,0.04,0.0
0.27,0.12,0.0,0.0
0.22,0.12,0.0,0.0
0.17,0.12,0.0,0.0
0.6,0.16,0.0,0.0
0.74,0.16,0.0,0.0
0.67,0.21,0.0,0.0
0.56,0.16,0.01,0.0
0.96,0.19,0.01,0.0
1.16,0.22,0.0,0.0
0.65,0.19,0.0,0.0
1.19,0.2,0.0,0.0
0.63,0.18,0.0,0.0
0.87,0.19,0.0,0.0
0.96,0.19,0.0,0.0
0.51,0.15,0.0,0.0
0.75,0.17,0.0,0.0
0.4,0.17,0.0,0.0
0.57,0.16,0.0,0.0
0.82,0.17,0.0,0.0
0.55,0.16,0.0,0.0
0.48,0.16,0.0,0.0
1.13,0.18,0.0,0.0
0.31,0.14,0.0,0.0
0.5,0.15,0.0,0.0
0.72,0.19,0.0,0.0
1.61,0.22,0.02,0.0
1.1,0.25,0.0,0.0
0.44,0.19,0.0,0.0
1.27,0.24,0.0,0.0
1.03,0.22,0.0,0.0
0.65,0.17,0.0,0.0
0.77,0.16,0.0,0.0
0.94,0.17,0.0,0.0
0.37,0.14,0.0,0.0
0.88,0.17,0.0,0.0
1.06,0.19,0.01,0.0
0.52,0.16,0.0,0.0
0.64,0.15,0.0,0.0
0.9,0.17,0.0,0.0
0.77,0.17,0.0,0.0
2.41,0.28,0.01,0.0
0.65,0.2,0.0,0.0
1.2,0.2,0.0,0.0
0.84,0.2,0.0,0.0
1.01,0.19,0.0,0.0
0.99,0.19,0.0,0.0
0.84,0.18,0.0,0.0
1.81,0.24,0.01,0.0
0.86,0.22,0.0,0.0
1.01,0.18,0.0,0.0
1.67,0.21,0.01,0.0
1.09,0.23,0.0,0.0
0.8,0.18,0.0,0.0
0.53,0.16,0.0,0.0
0.97,0.18,0.0,0.0
0.57,0.16,0.0,0.0
0.69,0.19,0.0,0.0
0.41,0.17,0.0,0.0
0.9,0.19,0.0,0.0
0.4,0.15,0.0,0.0
0.47,0.15,0.0,0.0
0.21,0.11,0.0,0.0
0.71,0.15,0.01,0.0
0.49,0.15,0.0,0.0
0.79,0.16,0.0,0.0
0.58,0.16,0.0,0.0
0.72,0.16,0.0,0.0
0.94,0.19,0.0,0.0
0.34,0.14,0.0,0.0
0.0,0.0,0.0,0.0
0.61,0.16,0.0,0.0
0.97,0.18,0.0,0.0
0.64,0.16,0.0,0.0
0.59,0.17,0.0,0.0
0.79,0.17,0.0,0.0
0.79,0.17,0.0,0.0
0.53,0.17,0.0,0.0
1.46,0.21,0.01,0.0
0.59,0.18,0.0,0.0
0.6,0.18,0.0,0.0
0.88,0.17,0.0,0.0
0.63,0.18,0.0,0.0
0.58,0.17,0.0,0.0
0.94,0.18,0.0,0.0
0.75,0.18,0.0,0.0
2.2,0.32,0.04,0.0
0.97,0.32,0.01,0.0
0.89,0.19,0.01,0.0
0.55,0.16,0.0,0.0
1.71,0.21,0.03,0.0
0.67,0.26,0.0,0.0
0.4,0.21,0.01,0.0
0.99,0.2,0.0,0.0
1.14,0.2,0.01,0.0
0.98,0.19,0.01,0.0
1.53,0.21,0.01,0.0
1.26,0.24,0.0,0.0
1.76,0.24,0.01,0.0
2.96,0.3,0.01,0.0
1.39,0.28,0.0,0.0
1.09,0.26,0.0,0.0
0.75,0.2,0.0,0.0
0.83,0.17,0.0,0.0
0.8,0.19,0.01,0.0
0.5,0.18,0.0,0.0
0.62,0.17,0.0,0.0
1.17,0.21,0.01,0.0
0.6,0.19,0.0,0.0
0.6,0.15,0.0,0.0
0.68,0.16,0.0,0.0
0.85,0.17,0.0,0.0
0.67,0.17,0.0,0.0
0.72,0.17,0.0,0.0
0.52,0.15,0.0,0.0
1.06,0.19,0.0,0.0
0.7,0.18,0.0,0.0
0.82,0.17,0.0,0.0
0.36,0.15,0.0,0.0
0.58,0.16,0.0,0.0
0.56,0.16,0.0,0.0
0.6,0.16,0.0,0.0
0.3,0.15,0.0,0.0
0.19,0.14,0.0,0.0
0.15,0.12,0.0,0.0
0.42,0.14,0.0,0.0
0.79,0.18,0.0,0.0
1.39,0.21,0.01,0.0
1.02,0.2,0.0,0.0
0.71,0.14,0.01,0.0
0.69,0.17,0.0,0.0
0.34,0.14,0.0,0.0
0.7,0.18,0.0,0.0
0.86,0.19,0.01,0.0
0.45,0.16,0.0,0.0
0.74,0.17,0.0,0.0
1.58,0.22,0.02,0.0
2.67,0.34,0.01,0.0
4.35,0.73,0.02,0.0
1.66,0.57,0.02,0.0
0.74,0.17,0.0,0.0
1.1,0.2,0.0,0.0
0.62,0.17,0.0,0.0
1.08,0.2,0.01,0.0
0.73,0.2,0.0,0.0
0.56,0.15,0.0,0.0
0.35,0.15,0.0,0.0
0.95,0.18,0.01,0.0
1.1,0.19,0.0,0.0
1.1,0.19,0.01,0.0
0.95,0.21,0.0,0.0
0.95,0.2,0.0,0.0
1.03,0.19,0.01,0.0
0.45,0.16,0.0,0.0
1.2,0.2,0.0,0.0
1.25,0.2,0.0,0.0
0.89,0.19,0.0,0.0
0.21,0.13,0.0,0.0
0.23,0.12,0.0,0.0
0.78,0.16,0.0,0.0
0.82,0.16,0.0,0.0
0.34,0.14,0.0,0.0
0.44,0.13,0.0,0.0
1.29,0.21,0.0,0.0
1.1,0.2,0.0,0.0
0.5,0.17,0.0,0.0
0.37,0.13,0.0,0.0
0.38,0.14,0.0,0.0
0.55,0.17,0.0,0.0
0.42,0.15,0.0,0.0
0.87,0.17,0.0,0.0
1.01,0.23,0.0,0.0
0.42,0.18,0.0,0.0
0.3,0.12,0.0,0.0
0.61,0.16,0.0,0.0
1.71,0.21,0.01,0.0
2.17,0.23,0.01,0.0
1.23,0.22,0.0,0.0
0.86,0.18,0.0,0.0
1.26,0.21,0.01,0.0
0.68,0.18,0.0,0.0
0.36,0.14,0.0,0.0
0.34,0.15,0.0,0.0
0.59,0.16,0.0,0.0
0.25,0.13,0.0,0.0
0.41,0.13,0.0,0.0
0.57,0.18,0.0,0.0
0.91,0.17,0.0,0.0
0.7,0.18,0.0,0.0
0.69,0.17,0.0,0.0
1.21,0.19,0.0,0.0
0.59,0.17,0.0,0.0
0.88,0.2,0.0,0.0
0.56,0.18,0.0,0.0
1.02,0.18,0.0,0.0
1.0,0.19,0.0,0.0
1.36,0.21,0.0,0.0
1.03,0.19,0.01,0.0
0.96,0.19,0.0,0.0
0.95,0.19,0.0,0.0
0.59,0.17,0.0,0.0
0.54,0.17,0.0,0.0
0.54,0.17,0.0,0.0
1.0,0.18,0.01,0.0
0.71,0.18,0.0,0.0
0.55,0.15,0.0,0.0
0.47,0.17,0.0,0.0
0.65,0.18,0.0,0.0
1.27,0.21,0.0,0.0
4.18,0.42,0.05,0.0
7.1,0.6,0.08,0.0
1.12,0.58,0.02,0.0
1.06,0.38,0.03,0.0
0.75,0.22,0.0,0.0
0.9,0.18,0.0,0.0
1.41,0.21,0.01,0.0
0.59,0.2,0.0,0.0
0.44,0.16,0.0,0.0
0.7,0.18,0.0,0.0
0.51,0.16,0.0,0.0
0.85,0.2,0.0,0.0
0.56,0.2,0.0,0.0
0.46,0.15,0.01,0.0
0.86,0.17,0.0,0.0
0.89,0.2,0.0,0.0
0.31,0.14,0.0,0.0
0.27,0.15,0.0,0.0
0.83,0.17,0.0,0.0
0.34,0.14,0.0,0.0
0.28,0.13,0.0,0.0
0.41,0.14,0.0,0.0
0.58,0.16,0.0,0.0
0.62,0.16,0.0,0.0
0.31,0.14,0.0,0.0
0.73,0.17,0.0,0.0
0.6,0.2,0.0,0.0
1.67,0.22,0.01,0.0
0.89,0.24,0.0,0.0
0.7,0.18,0.0,0.0
1.11,0.2,0.0,0.0
1.15,0.19,0.01,0.0
0.81,0.21,0.0,0.0
0.51,0.2,0.0,0.0
1.64,0.22,0.01,0.0
4.35,0.35,0.03,0.0
1.76,0.37,0.01,0.0
1.4,0.24,0.01,0.0
0.33,0.17,0.0,0.0
1.18,0.23,0.0,0.0
0.73,0.19,0.0,0.0
0.52,0.17,0.0,0.0
0.81,0.18,0.01,0.0
1.06,0.2,0.0,0.0
0.59,0.16,0.01,0.0
0.99,0.18,0.01,0.0
0.74,0.18,0.0,0.0
0.54,0.15,0.0,0.0
0.69,0.16,0.01,0.0
0.92,0.2,0.0,0.0
1.38,0.21,0.01,0.0
0.34,0.16,0.0,0.0
0.76,0.17,0.01,0.0
0.38,0.15,0.0,0.0
1.18,0.19,0.01,0.0
10.27,1.29,0.12,0.0
2.7,1.03,0.02,0.0
0.49,0.54,0.06,0.0
0.92,0.22,0.0,0.0
0.9,0.18,0.01,0.0
0.86,0.19,0.0,0.0
0.97,0.2,0.01,0.0
0.82,0.19,0.0,0.0
0.61,0.18,0.0,0.0
0.76,0.17,0.0,0.0
0.83,0.17,0.0,0.0
0.65,0.17,0.0,0.0
0.66,0.17,0.0,0.0
0.32,0.15,0.0,0.0
1.19,0.2,0.01,0.0
0.73,0.2,0.0,0.0
0.45,0.15,0.0,0.0
0.67,0.16,0.0,0.0
0.39,0.17,0.0,0.0
0.86,0.21,0.0,0.0
0.55,0.17,0.0,0.0
0.67,0.18,0.0,0.0
0.53,0.15,0.0,0.0
0.69,0.16,0.0,0.0
0.92,0.18,0.0,0.0
0.7,0.17,0.0,0.0
0.63,0.17,0.0,0.0
1.08,0.19,0.0,0.0
0.83,0.2,0.0,0.0
0.48,0.15,0.0,0.0
1.12,0.21,0.0,0.0
0.64,0.2,0.0,0.0
0.58,0.16,0.0,0.0
0.43,0.15,0.0,0.0
0.6,0.21,0.0,0.0
0.67,0.21,0.0,0.0
0.79,0.17,0.0,0.0
0.62,0.18,0.0,0.0
0.4,0.14,0.0,0.0
0.25,0.14,0.0,0.0
0.32,0.14,0.0,0.0
0.84,0.17,0.0,0.0
0.82,0.18,0.0,0.0
0.47,0.16,0.0,0.0
0.77,0.17,0.0,0.0
0.96,0.19,0.0,0.0
0.55,0.17,0.0,0.0
0.89,0.17,0.0,0.0
0.68,0.18,0.0,0.0
0.76,0.18,0.0,0.0
0.62,0.17,0.0,0.0
0.81,0.17,0.0,0.0
0.7,0.17,0.0,0.0
1.12,0.17,0.0,0.0
0.7,0.23,0.0,0.0
0.79,0.19,0.0,0.0
0.37,0.16,0.0,0.0
1.14,0.19,0.0,0.0
0.88,0.17,0.0,0.0
1.04,0.19,0.0,0.0
0.63,0.2,0.0,0.0
0.59,0.18,0.0,0.0
0.97,0.18,0.0,0.0
0.73,0.18,0.0,0.0
0.16,0.13,0.0,0.0
0.65,0.16,0.0,0.0
0.51,0.2,0.0,0.0
1.16,0.21,0.0,0.0
1.1,0.24,0.0,0.0
1.01,0.22,0.0,0.0
1.36,0.24,0.0,0.0
1.0,0.2,0.0,0.0
1.39,0.2,0.0,0.0
0.72,0.21,0.0,0.0
0.69,0.18,0.0,0.0
0.85,0.19,0.0,0.0
0.97,0.21,0.0,0.0
0.57,0.17,0.0,0.0
0.64,0.19,0.0,0.0
0.89,0.19,0.0,0.0
0.58,0.16,0.0,0.0
1.78,0.24,0.0,0.0
14.05,1.77,0.0,0.0
3.51,1.35,0.0,0.0
19.28,2.33,0.0,0.0
4.96,2.38,0.0,0.01
5.34,2.48,0.0,0.01
8.05,1.34,0.0,0.01
9.52,1.43,0.0,0.01
25.57,3.06,0.0,0.01
1.8,1.98,0.0,0.01
11.06,2.7,0.0,0.01
27.08,3.26,0.0,0.01
1.82,1.98,0.0,0.01
4.94,1.99,0.0,0.01
5.42,1.46,0.0,0.01
4.6,1.59,0.0,0.01
1.41,0.73,0.0,0.01
1.93,0.76,0.0,0.01
0.57,0.59,0.0,0.01
1.3,0.64,0.0,0.01
2.75,0.68,0.0,0.01
0.96,0.57,0.0,0.01
1.98,0.61,0.0,0.01
2.29,0.6,0.0,0.01
0.69,0.67,0.0,0.01
3.23,0.83,0.0,0.01
2.86,0.82,0.0,0.01
1.51,0.74,0.0,0.01
2.17,0.56,0.0,0.01
0.86,0.6,0.0,0.01
1.08,0.55,0.0,0.01
0.66,0.6,0.0,0.01
1.05,0.63,0.0,0.01
0.77,0.22,0.0,0.01
0.71,0.2,0.0,0.01
0.88,0.19,0.0,0.01
0.68,0.2,0.0,0.01
0.53,0.17,0.0,0.01
0.53,0.16,0.0,0.0
1.85,0.25,0.0,0.0
1.97,0.27,0.0,0.01
2.52,0.33,0.0,0.01
0.53,0.2,0.0,0.01
1.04,0.21,0.0,0.0
0.46,0.19,0.0,0.01
0.68,0.2,0.0,0.01
0.81,0.18,0.0,0.0
3.82,0.55,0.0,0.0
1.55,0.53,0.0,0.01
1.08,0.26,0.0,0.0
0.38,0.18,0.0,0.0
0.82,0.2,0.0,0.0
0.58,0.16,0.0,0.0
0.67,0.17,0.0,0.0
0.37,0.16,0.0,0.0
0.95,0.17,0.0,0.0
0.72,0.23,0.0,0.0
0.43,0.15,0.0,0.0
0.92,0.18,0.0,0.0
0.72,0.17,0.0,0.0
0.86,0.18,0.0,0.0
0.72,0.17,0.0,0.0
0.94,0.19,0.0,0.0
0.49,0.17,0.0,0.0
0.82,0.18,0.0,0.0
0.46,0.16,0.0,0.0
0.69,0.2,0.0,0.0
0.62,0.18,0.0,0.0
0.75,0.18,0.0,0.0
0.49,0.16,0.0,0.0
0.93,0.17,0.0,0.0
0.77,0.18,0.0,0.0
0.85,0.21,0.0,0.0
0.54,0.19,0.0,0.0
0.47,0.15,0.0,0.0
0.65,0.18,0.0,0.0
0.55,0.17,0.0,0.0
0.36,0.13,0.0,0.0
0.24,0.13,0.0,0.0
0.49,0.15,0.0,0.0
0.53,0.15,0.0,0.0
0.42,0.16,0.0,0.0
1.77,0.26,0.0,0.0
15.71,1.91,0.0,0.0
1.35,1.63,0.0,0.01
5.91,2.03,0.0,0.01
2.83,1.28,0.0,0.01
8.95,1.82,0.0,0.01
0.79,0.96,0.0,0.01
6.33,1.25,0.0,0.01
12.25,1.97,0.0,0.01
0.98,1.33,0.0,0.01
7.15,1.41,0.0,0.01
6.15,1.67,0.0,0.01
2.86,1.37,0.0,0.01
18.01,2.35,0.0,0.01
5.0,1.6,0.0,0.01
8.15,1.21,0.0,0.01
1.4,1.04,0.0,0.01
11.8,1.65,0.0,0.01
8.01,2.02,0.0,0.01
18.36,2.77,0.0,0.01
1.68,1.85,0.0,0.01
0.85,1.64,0.0,0.01
0.27,0.22,0.0,0.01
0.81,0.23,0.0,0.0
0.57,0.18,0.0,0.0
0.58,0.18,0.0,0.0
0.84,0.19,0.0,0.0
0.35,0.15,0.0,0.0
1.17,0.2,0.0,0.0
0.68,0.18,0.0,0.0
0.87,0.19,0.0,0.0
0.39,0.17,0.0,0.0
1.23,0.22,0.0,0.0
1.15,0.24,0.0,0.0
1.78,0.24,0.0,0.0
0.5,0.18,0.0,0.0
0.01,0.0,0.0,0.0
1.88,0.24,0.0,0.0
0.73,0.23,0.0,0.0
0.74,0.21,0.0,0.0
0.62,0.16,0.0,0.0
0.84,0.17,0.0,0.0
0.97,0.18,0.0,0.0
0.94,0.18,0.0,0.0
0.75,0.18,0.0,0.0
0.53,0.14,0.0,0.0
0.95,0.17,0.0,0.0
2.97,0.29,0.0,0.0
0.52,0.22,0.0,0.0
2.27,0.36,0.0,0.0
2.06,0.56,0.0,0.0
2.58,0.62,0.0,0.0
1.31,0.64,0.0,0.0
0.0,0.0,0.0,0.0
1.85,0.54,0.0,0.0
2.22,0.55,0.0,0.0
3.37,0.73,0.0,0.0
2.01,0.67,0.0,0.01
2.25,0.64,0.0,0.0
2.8,0.79,0.0,0.01
1.63,0.68,0.0,0.01
4.08,0.75,0.0,0.01
12.9,1.72,0.0,0.01
1.47,1.08,0.0,0.01
10.6,1.57,0.0,0.01
1.43,1.11,0.0,0.01
7.72,1.49,0.0,0.01
13.85,1.98,0.0,0.01
1.76,1.47,0.0,0.01
8.14,1.64,0.0,0.01
2.23,1.94,0.0,0.01
26.02,3.17,0.0,0.01
3.22,2.19,0.0,0.01
4.79,2.35,0.0,0.01
6.43,1.33,0.0,0.01
7.91,1.54,0.0,0.01
1.61,1.24,0.0,0.01
7.64,1.52,0.0,0.01
5.08,1.44,0.0,0.01
12.53,1.78,0.0,0.01
13.64,2.0,0.0,0.01
11.84,2.1,0.0,0.01
11.93,1.97,0.0,0.01
14.56,2.43,0.0,0.01
6.79,2.2,0.0,0.01
5.11,1.28,0.0,0.01
1.54,1.13,0.0,0.01
3.47,1.21,0.0,0.01
1.08,0.93,0.0,0.01
7.03,1.3,0.0,0.01
1.01,0.98,0.0,0.01
6.49,1.13,0.0,0.01
12.61,1.92,0.0,0.01
10.77,1.9,0.0,0.01
2.81,1.5,0.0,0.01
1.65,0.89,0.0,0.01
7.25,0.77,0.0,0.01
1.46,1.02,0.0,0.0
2.16,1.01,0.0,0.0
1.33,0.77,0.0,0.0
1.25,0.74,0.0,0.0
3.01,0.67,0.0,0.0
3.99,1.14,0.0,0.0
6.55,1.32,0.0,0.0
2.1,1.07,0.0,0.0
3.1,1.02,0.0,0.0
1.15,0.83,0.0,0.0
2.51,0.61,0.0,0.0
3.05,0.89,0.0,0.0
3.46,1.03,0.0,0.0
3.28,1.14,0.0,0.0
2.94,1.08,0.0,0.0
6.7,1.15,0.0,0.0
6.15,1.41,0.0,0.0
2.8,1.21,0.0,0.0
14.1,1.87,0.0,0.0
14.49,2.65,0.0,0.0
15.61,3.05,0.0,0.0
11.24,2.44,0.0,0.0
1.21,1.79,0.0,0.0
0.37,0.42,0.0,0.0
0.13,0.19,0.0,0.0
0.75,0.17,0.0,0.0
1.09,0.18,0.0,0.0
0.95,0.18,0.0,0.0
0.7,0.15,0.0,0.0
0.58,0.13,0.0,0.0
0.94,0.17,0.0,0.0
0.44,0.15,0.0,0.0
0.35,0.12,0.0,0.0
0.45,0.14,0.0,0.0
0.64,0.16,0.0,0.0
0.99,0.16,0.0,0.0
0.52,0.14,0.0,0.0
0.83,0.16,0.0,0.0
0.71,0.16,0.0,0.0
0.69,0.15,0.0,0.0
1.45,0.21,0.0,0.0
0.85,0.18,0.0,0.0
0.62,0.13,0.0,0.0
0.67,0.18,0.0,0.0
0.74,0.16,0.0,0.0
0.76,0.15,0.0,0.0
0.56,0.14,0.0,0.0
0.37,0.15,0.0,0.0
0.9,0.16,0.0,0.0
0.67,0.16,0.0,0.0
0.45,0.13,0.0,0.0
0.62,0.13,0.0,0.0
0.58,0.19,0.0,0.0
0.75,0.17,0.0,0.0
0.51,0.14,0.0,0.0
0.99,0.18,0.0,0.0
0.76,0.15,0.0,0.0
1.3,0.2,0.0,0.0
1.49,0.21,0.0,0.0
1.34,0.24,0.0,0.0
0.83,0.2,0.0,0.0
0.61,0.15,0.0,0.0
1.1,0.18,0.0,0.0
1.37,0.22,0.0,0.0
0.65,0.17,0.0,0.0
0.78,0.17,0.0,0.0
0.97,0.18,0.0,0.0
0.57,0.17,0.0,0.0
0.64,0.16,0.0,0.0
0.2,0.12,0.0,0.0
0.82,0.14,0.0,0.0
1.63,0.25,0.0,0.0
0.46,0.19,0.0,0.0
0.55,0.13,0.0,0.0
0.66,0.17,0.0,0.0
0.64,0.15,0.0,0.0
0.95,0.15,0.0,0.0
0.9,0.17,0.0,0.0
0.43,0.14,0.0,0.0
0.16,0.1,0.0,0.0
0.23,0.11,0.0,0.0
0.66,0.14,0.0,0.0
2.61,0.27,0.0,0.0
1.57,0.23,0.0,0.0
1.05,0.18,0.0,0.0
0.58,0.26,0.0,0.0
0.8,0.24,0.0,0.0
0.65,0.14,0.0,0.0
0.77,0.14,0.0,0.0
0.39,0.14,0.0,0.0
0.37,0.14,0.0,0.0
1.04,0.17,0.0,0.0
0.86,0.19,0.0,0.0
0.75,0.15,0.0,0.0
0.97,0.16,0.0,0.0
1.68,0.27,0.0,0.0
1.47,0.24,0.0,0.0
1.57,0.24,0.0,0.0
0.7,0.19,0.0,0.0
1.14,0.17,0.0,0.0
1.42,0.2,0.0,0.0
1.3,0.23,0.0,0.0
0.89,0.17,0.0,0.0
0.79,0.16,0.0,0.0
1.01,0.16,0.0,0.0
0.48,0.16,0.0,0.0
0.73,0.15,0.0,0.0
0.81,0.18,0.0,0.0
2.72,0.29,0.0,0.0
0.76,0.32,0.0,0.0
0.74,0.22,0.0,0.0
0.67,0.17,0.0,0.0
0.85,0.18,0.0,0.0
1.09,0.18,0.0,0.0
0.88,0.26,0.0,0.0
0.56,0.21,0.0,0.0
1.15,0.18,0.0,0.0
1.0,0.18,0.0,0.0
1.23,0.18,0.0,0.0
1.05,0.18,0.0,0.0
1.41,0.19,0.0,0.0
0.72,0.17,0.0,0.0
2.49,0.28,0.0,0.0
2.45,0.31,0.0,0.0
5.74,0.5,0.0,0.0
2.52,0.51,0.0,0.0
0.75,0.22,0.0,0.0
1.19,0.19,0.0,0.0
0.56,0.16,0.0,0.0
0.95,0.18,0.0,0.0
0.9,0.18,0.0,0.0
1.37,0.23,0.0,0.0
1.12,0.24,0.0,0.0
0.96,0.41,0.0,0.0
0.58,0.28,0.0,0.0
0.51,0.19,0.0,0.0
1.19,0.22,0.0,0.0
1.5,0.22,0.0,0.0
0.82,0.26,0.0,0.0
0.24,0.17,0.0,0.0
0.46,0.13,0.0,0.0
0.62,0.14,0.0,0.0
0.79,0.18,0.0,0.0
0.9,0.16,0.0,0.0
0.66,0.17,0.0,0.0
0.7,0.17,0.0,0.0
1.32,0.19,0.0,0.0
0.9,0.18,0.0,0.0
1.17,0.18,0.0,0.0
2.77,0.3,0.0,0.0
1.71,0.28,0.0,0.0
2.53,0.36,0.0,0.0
1.68,0.34,0.0,0.0
2.15,0.31,0.0,0.0
0.84,0.24,0.0,0.0
0.78,0.18,0.0,0.0
0.78,0.18,0.0,0.0
0.51,0.16,0.0,0.0
0.74,0.18,0.0,0.0
0.61,0.16,0.0,0.0
0.89,0.18,0.0,0.0
0.76,0.16,0.0,0.0
0.35,0.14,0.0,0.0
0.72,0.15,0.0,0.0
0.54,0.15,0.0,0.0
0.54,0.14,0.0,0.0
1.3,0.19,0.0,0.0
0.62,0.17,0.0,0.0
1.59,0.2,0.0,0.0
0.74,0.2,0.0,0.0
0.91,0.17,0.0,0.0
0.85,0.18,0.0,0.0
0.92,0.16,0.0,0.0
0.81,0.26,0.0,0.0
0.8,0.25,0.0,0.0
0.59,0.14,0.0,0.0
1.17,0.18,0.0,0.0
6.29,0.5,0.0,0.0
0.93,0.44,0.0,0.0
0.56,0.23,0.0,0.0
0.8,0.17,0.0,0.0
0.72,0.16,0.0,0.0
0.64,0.16,0.0,0.0
0.85,0.17,0.0,0.0
0.77,0.17,0.0,0.0
0.7,0.17,0.0,0.0
0.65,0.16,0.0,0.0
0.66,0.16,0.0,0.0
0.81,0.17,0.0,0.0
0.64,0.16,0.0,0.0
0.68,0.15,0.0,0.0
0.67,0.16,0.0,0.0
0.97,0.19,0.0,0.0
0.36,0.15,0.0,0.0
0.66,0.18,0.0,0.0
0.75,0.17,0.0,0.0
0.35,0.16,0.0,0.0
0.78,0.17,0.0,0.0
0.32,0.15,0.0,0.0
0.23,0.13,0.0,0.0
0.05,0.1,0.0,0.0
0.9,0.17,0.0,0.0
0.82,0.17,0.0,0.0
1.04,0.18,0.0,0.0
0.23,0.14,0.0,0.0
0.16,0.11,0.0,0.0
0.51,0.17,0.0,0.0
1.03,0.18,0.0,0.0
0.71,0.17,0.0,0.0
0.11,0.09,0.0,0.0
0.32,0.14,0.0,0.0
0.48,0.14,0.0,0.0
0.87,0.16,0.0,0.0
0.52,0.15,0.0,0.0
0.62,0.15,0.0,0.0
0.53,0.14,0.0,0.0
0.55,0.15,0.0,0.0
0.64,0.15,0.0,0.0
0.54,0.14,0.0,0.0
0.39,0.15,0.0,0.0
0.44,0.13,0.0,0.0
0.46,0.14,0.0,0.0
0.55,0.15,0.0,0.0
0.35,0.15,0.0,0.0
0.79,0.16,0.0,0.0
1.76,0.21,0.0,0.0
1.48,0.26,0.0,0.0
0.74,0.16,0.0,0.0
0.49,0.16,0.0,0.0
0.36,0.15,0.0,0.0
0.75,0.16,0.0,0.0
0.61,0.17,0.0,0.0
0.58,0.14,0.0,0.0
0.44,0.14,0.0,0.0
2.3,0.26,0.0,0.0
0.46,0.21,0.0,0.0
0.52,0.14,0.0,0.0
0.36,0.14,0.0,0.0
0.53,0.15,0.0,0.0
0.79,0.16,0.0,0.0
2.66,0.26,0.0,0.0
0.5,0.2,0.0,0.0
2.5,0.24,0.0,0.0
0.72,0.25,0.0,0.0
2.78,0.42,0.0,0.0
1.59,0.38,0.0,0.0
0.92,0.2,0.0,0.0
0.87,0.19,0.0,0.0
1.25,0.2,0.0,0.0
1.93,0.28,0.0,0.0
0.61,0.21,0.0,0.0
1.21,0.19,0.0,0.0
0.8,0.17,0.0,0.0
0.25,0.13,0.0,0.0
3.31,0.28,0.0,0.0
0.96,0.3,0.0,0.0
0.73,0.21,0.0,0.0
0.88,0.17,0.0,0.0
0.5,0.14,0.0,0.0
0.61,0.16,0.0,0.0
0.26,0.12,0.0,0.0
0.48,0.14,0.0,0.0
1.19,0.18,0.0,0.0
1.73,0.3,0.0,0.0
1.23,0.25,0.0,0.0
4.1,0.41,0.0,0.0
1.16,0.35,0.0,0.0
0.95,0.17,0.0,0.0
0.9,0.17,0.0,0.0
1.31,0.25,0.0,0.0
1.21,0.21,0.0,0.0
1.48,0.21,0.0,0.0
0.71,0.18,0.0,0.0
1.27,0.2,0.0,0.0
1.26,0.2,0.0,0.0
2.02,0.29,0.0,0.0
2.04,0.36,0.0,0.0
0.85,0.31,0.0,0.0
1.17,0.22,0.0,0.0
0.96,0.26,0.0,0.0
1.01,0.22,0.0,0.0
0.92,0.21,0.0,0.0
0.97,0.2,0.0,0.0
0.98,0.21,0.0,0.0
2.39,0.32,0.0,0.0
0.95,0.3,0.0,0.0
0.75,0.18,0.0,0.0
1.23,0.19,0.0,0.0
0.76,0.18,0.0,0.0
0.48,0.16,0.0,0.0
0.86,0.17,0.0,0.0
1.07,0.18,0.0,0.0
0.95,0.17,0.0,0.0
3.55,0.42,0.0,0.0
2.96,0.44,0.0,0.0
1.53,0.29,0.0,0.0
0.73,0.23,0.0,0.0
1.25,0.2,0.0,0.0
0.85,0.19,0.0,0.0
0.71,0.17,0.0,0.0
1.16,0.21,0.0,0.0
1.9,0.25,0.0,0.0
2.23,0.32,0.0,0.0
0.6,0.25,0.0,0.0
1.05,0.2,0.0,0.0
1.15,0.2,0.0,0.0
0.85,0.19,0.0,0.0
0.81,0.17,0.0,0.0
2.71,0.25,0.0,0.0
0.79,0.43,0.0,0.0
0.69,0.35,0.0,0.0
0.84,0.19,0.0,0.0
0.79,0.17,0.0,0.0
1.11,0.18,0.0,0.0
0.41,0.16,0.0,0.0
0.61,0.17,0.0,0.0
0.62,0.16,0.0,0.0
0.97,0.18,0.0,0.0
0.19,0.13,0.0,0.0
0.33,0.14,0.0,0.0
0.08,0.11,0.0,0.0
0.35,0.13,0.0,0.0
0.78,0.21,0.0,0.0
0.32,0.14,0.0,0.0
1.05,0.19,0.0,0.0
0.79,0.18,0.0,0.0
0.64,0.18,0.0,0.0
0.85,0.17,0.0,0.0
0.55,0.15,0.0,0.0
0.81,0.16,0.0,0.0
0.72,0.16,0.0,0.0
0.71,0.16,0.0,0.0
0.64,0.17,0.0,0.0
0.75,0.17,0.0,0.0
0.83,0.16,0.0,0.0
0.49,0.15,0.0,0.0
2.8,0.39,0.0,0.0
1.35,0.36,0.0,0.0
7.17,0.99,0.0,0.0
1.79,0.76,0.0,0.0
1.82,0.35,0.0,0.0
1.45,0.35,0.0,0.0
0.55,0.26,0.0,0.0
0.83,0.21,0.0,0.0
0.75,0.18,0.0,0.0
1.0,0.18,0.0,0.0
0.58,0.18,0.0,0.0
0.97,0.18,0.0,0.0
0.73,0.38,0.0,0.0
0.85,0.37,0.0,0.0
0.54,0.17,0.0,0.0
0.55,0.15,0.0,0.0
0.71,0.17,0.0,0.0
0.54,0.15,0.0,0.0
1.32,0.2,0.0,0.0
0.52,0.18,0.0,0.0
1.1,0.19,0.0,0.0
0.4,0.13,0.0,0.0
0.72,0.16,0.0,0.0
6.98,0.92,0.0,0.0
0.83,0.68,0.0,0.0
0.69,0.2,0.0,0.0
0.63,0.17,0.0,0.0
0.48,0.16,0.0,0.0
0.72,0.16,0.0,0.0
0.52,0.17,0.0,0.0
0.33,0.13,0.0,0.0
0.7,0.16,0.0,0.0
0.54,0.15,0.0,0.0
0.42,0.16,0.0,0.0
1.46,0.19,0.0,0.0
2.3,0.31,0.0,0.0
1.28,0.23,0.0,0.0
0.74,0.19,0.0,0.0
0.54,0.15,0.0,0.0
1.09,0.21,0.0,0.0
0.55,0.16,0.0,0.0
0.84,0.17,0.0,0.0
0.19,0.13,0.0,0.0
0.28,0.12,0.0,0.0
0.19,0.11,0.0,0.0
0.63,0.16,0.0,0.0
0.77,0.16,0.0,0.0
0.0,0.0,0.0,0.0
0.53,0.16,0.0,0.0
0.8,0.18,0.0,0.0
0.98,0.18,0.0,0.0
1.22,0.25,0.0,0.0
1.98,0.25,0.0,0.0
1.38,0.23,0.0,0.0
1.77,0.38,0.0,0.0
1.19,0.33,0.0,0.0
1.24,0.2,0.0,0.0
0.77,0.17,0.0,0.0
1.23,0.19,0.0,0.0
1.05,0.21,0.0,0.0
1.2,0.25,0.0,0.0
1.22,0.21,0.0,0.0
0.71,0.19,0.0,0.0
0.79,0.18,0.0,0.0
0.64,0.16,0.0,0.0
0.79,0.18,0.0,0.0
0.62,0.16,0.0,0.0
1.29,0.3,0.0,0.0
1.83,0.44,0.0,0.0
0.99,0.33,0.0,0.0
2.38,0.42,0.0,0.0
1.55,0.38,0.0,0.0
5.84,0.54,0.0,0.0
0.94,0.49,0.0,0.0
0.52,0.29,0.0,0.0
0.78,0.18,0.0,0.0
1.17,0.21,0.0,0.0
2.06,0.32,0.0,0.0
9.29,1.06,0.0,0.0
2.69,1.01,0.0,0.0
1.94,0.69,0.0,0.0
2.2,0.42,0.0,0.0
1.23,0.33,0.0,0.0
1.05,0.29,0.0,0.0
1.12,0.19,0.0,0.0
6.41,0.63,0.0,0.0
21.95,2.25,0.0,0.0
14.88,2.59,0.0,0.0
16.36,2.5,0.0,0.0
26.93,3.02,0.0,0.0
25.3,3.05,0.0,0.0
11.1,3.56,0.0,0.0
6.76,2.64,0.0,0.0
13.4,1.89,0.0,0.0
22.3,3.39,0.0,0.0
7.53,2.71,0.0,0.0
7.08,2.83,0.0,0.0
34.51,3.23,0.0,0.0
7.06,2.23,0.0,0.0
0.64,0.63,0.0,0.0
0.89,0.26,0.0,0.0
1.78,0.24,0.0,0.0
1.64,0.27,0.0,0.0
1.55,0.32,0.0,0.0
1.33,0.25,0.0,0.0
1.32,0.23,0.0,0.0
1.04,0.18,0.0,0.0
0.87,0.19,0.0,0.0
1.22,0.2,0.0,0.0
0.76,0.2,0.0,0.0
0.87,0.19,0.0,0.0
0.62,0.16,0.0,0.0
0.88,0.18,0.0,0.0
1.04,0.21,0.0,0.0
0.71,0.18,0.0,0.0
0.81,0.17,0.0,0.0
0.23,0.13,0.0,0.0
0.87,0.17,0.0,0.0
1.1,0.2,0.0,0.0
1.17,0.21,0.0,0.0
1.24,0.2,0.0,0.0
0.55,0.16,0.0,0.0
1.04,0.19,0.0,0.0
1.08,0.2,0.0,0.0
0.76,0.18,0.0,0.0
0.9,0.21,0.0,0.0
0.98,0.19,0.0,0.0
1.01,0.18,0.0,0.0
0.58,0.26,0.0,0.0
0.61,0.24,0.0,0.0
0.84,0.16,0.0,0.0
1.31,0.2,0.0,0.0
1.79,0.22,0.0,0.0
1.01,0.22,0.0,0.0
0.84,0.21,0.0,0.0
1.13,0.22,0.0,0.0
0.45,0.16,0.0,0.0
0.89,0.18,0.0,0.0
1.19,0.2,0.0,0.0
1.09,0.21,0.0,0.0
0.78,0.2,0.0,0.0
0.78,0.18,0.0,0.0
0.77,0.19,0.0,0.0
1.01,0.19,0.0,0.0
0.82,0.19,0.0,0.0
0.64,0.16,0.0,0.0
0.8,0.18,0.0,0.0
0.68,0.16,0.0,0.0
1.21,0.19,0.0,0.0
1.03,0.18,0.0,0.0
0.62,0.17,0.0,0.0
0.94,0.17,0.0,0.0
1.15,0.2,0.0,0.0
0.86,0.18,0.0,0.0
0.81,0.2,0.0,0.0
0.84,0.19,0.0,0.0
1.43,0.23,0.0,0.0
0.54,0.2,0.0,0.0
0.97,0.18,0.0,0.0
1.27,0.22,0.0,0.0
0.79,0.19,0.0,0.0
0.7,0.16,0.0,0.0
0.78,0.18,0.0,0.0
0.28,0.12,0.0,0.0
0.26,0.12,0.0,0.0
0.66,0.16,0.0,0.0
0.81,0.17,0.0,0.0
1.1,0.19,0.0,0.0
0.85,0.18,0.0,0.0
0.78,0.2,0.0,0.0
1.28,0.22,0.0,0.0
0.82,0.22,0.0,0.0
0.83,0.17,0.0,0.0
0.68,0.17,0.0,0.0
1.19,0.19,0.0,0.0
0.59,0.17,0.0,0.0
0.63,0.16,0.0,0.0
1.11,0.19,0.0,0.0
2.21,0.27,0.0,0.0
2.07,0.26,0.0,0.0
1.11,0.24,0.0,0.0
0.71,0.19,0.0,0.0
0.88,0.19,0.0,0.0
0.78,0.18,0.0,0.0
0.88,0.18,0.0,0.0
0.9,0.19,0.0,0.0
0.6,0.16,0.0,0.0
0.7,0.17,0.0,0.0
0.69,0.17,0.0,0.0
0.86,0.18,0.0,0.0
1.22,0.2,0.0,0.0
0.9,0.18,0.0,0.0
0.92,0.17,0.0,0.0
0.76,0.17,0.0,0.0
0.98,0.18,0.0,0.0
0.73,0.2,0.0,0.0
1.18,0.2,0.0,0.0
1.18,0.33,0.0,0.0
1.11,0.29,0.0,0.0
1.03,0.19,0.0,0.0
1.01,0.2,0.0,0.0
1.47,0.2,0.0,0.0
1.28,0.21,0.0,0.0
1.51,0.23,0.0,0.0
0.85,0.22,0.0,0.0
0.58,0.16,0.0,0.0
0.59,0.16,0.0,0.0
0.82,0.18,0.0,0.0
0.63,0.18,0.0,0.0
1.31,0.21,0.0,0.0
0.41,0.16,0.0,0.0
1.0,0.18,0.0,0.0
0.8,0.18,0.0,0.0
0.74,0.16,0.0,0.0
0.86,0.17,0.0,0.0
0.9,0.18,0.0,0.0
0.95,0.19,0.0,0.0
1.19,0.2,0.0,0.0
0.72,0.18,0.0,0.0
0.61,0.17,0.0,0.0
0.66,0.16,0.0,0.0
0.76,0.17,0.0,0.0
1.04,0.19,0.0,0.0
0.79,0.18,0.0,0.0
0.39,0.16,0.0,0.0
0.24,0.12,0.0,0.0
0.42,0.13,0.0,0.0
0.68,0.15,0.0,0.0
0.82,0.16,0.0,0.0
0.82,0.17,0.0,0.0
0.23,0.13,0.0,0.0
0.94,0.36,0.0,0.0
0.73,0.31,0.0,0.0
0.61,0.15,0.0,0.0
0.76,0.16,0.0,0.0
0.59,0.15,0.0,0.0
1.93,0.32,0.0,0.0
0.65,0.26,0.0,0.0
0.53,0.15,0.0,0.0
0.79,0.17,0.0,0.0
0.73,0.16,0.0,0.0
1.36,0.2,0.0,0.0
0.79,0.19,0.0,0.0
0.57,0.16,0.0,0.0
0.9,0.18,0.0,0.0
0.44,0.16,0.0,0.0
2.54,0.25,0.0,0.0
2.82,0.31,0.0,0.0
2.54,0.31,0.0,0.0
0.65,0.26,0.0,0.0
0.95,0.18,0.0,0.0
1.17,0.2,0.0,0.0
0.8,0.18,0.0,0.0
0.32,0.14,0.0,0.0
0.81,0.17,0.0,0.0
0.7,0.18,0.0,0.0
1.13,0.18,0.0,0.0
0.37,0.15,0.0,0.0
3.22,0.36,0.0,0.0
0.56,0.25,0.0,0.0
1.75,0.22,0.0,0.0
16.34,1.71,0.0,0.0
31.44,3.38,0.0,0.0
42.77,4.97,0.0,0.0
45.61,5.4,0.0,0.01
56.93,5.46,0.0,0.01
37.4,5.54,0.0,0.01
7.04,3.41,0.0,0.01
1.31,2.89,0.0,0.01
0.98,0.43,0.0,0.0
0.75,0.37,0.0,0.0
0.93,0.2,0.0,0.0
0.35,0.17,0.0,0.0
0.5,0.17,0.0,0.0
0.88,0.19,0.0,0.0
0.7,0.19,0.0,0.0
0.84,0.19,0.0,0.0
0.75,0.2,0.0,0.0
0.8,0.19,0.0,0.0
0.74,0.2,0.0,0.0
0.52,0.17,0.0,0.0
0.5,0.17,0.0,0.0
0.7,0.17,0.0,0.0
0.6,0.16,0.0,0.0
0.6,0.17,0.0,0.0
0.26,0.14,0.0,0.0
0.15,0.11,0.0,0.0
0.27,0.14,0.0,0.0
0.83,0.19,0.0,0.0
0.83,0.18,0.0,0.0
0.97,0.19,0.0,0.0
0.71,0.18,0.0,0.0
0.82,0.19,0.0,0.0
0.52,0.16,0.0,0.0
0.75,0.18,0.0,0.0
0.53,0.16,0.0,0.0
0.62,0.17,0.0,0.0
0.63,0.16,0.0,0.0
1.03,0.21,0.0,0.0
0.67,0.17,0.0,0.0
0.59,0.18,0.0,0.0
1.25,0.22,0.0,0.0
0.85,0.22,0.0,0.0
0.47,0.16,0.0,0.0
1.0,0.19,0.0,0.0
1.0,0.2,0.0,0.0
0.71,0.18,0.0,0.0
0.53,0.17,0.0,0.0
0.94,0.19,0.0,0.0
0.54,0.17,0.0,0.0
0.67,0.17,0.0,0.0
0.48,0.17,0.0,0.0
0.47,0.16,0.0,0.0
0.83,0.17,0.0,0.0
0.48,0.17,0.0,0.0
0.59,0.15,0.0,0.0
0.48,0.16,0.0,0.0
0.92,0.18,0.0,0.0
0.79,0.18,0.0,0.0
0.48,0.15,0.0,0.0
0.48,0.18,0.0,0.0
0.44,0.15,0.0,0.0
0.37,0.14,0.0,0.0
0.58,0.17,0.0,0.0
0.47,0.2,0.0,0.0
0.3,0.16,0.0,0.0
0.45,0.14,0.0,0.0
2.05,0.23,0.0,0.0
1.05,0.29,0.0,0.0
1.78,0.26,0.0,0.0
0.68,0.21,0.0,0.0
0.98,0.18,0.0,0.0
1.01,0.18,0.0,0.0
0.35,0.15,0.0,0.0
0.72,0.17,0.0,0.0
0.49,0.18,0.0,0.0
0.47,0.15,0.0,0.0
0.7,0.19,0.0,0.0
0.45,0.16,0.0,0.0
0.72,0.16,0.0,0.0
2.58,0.29,0.0,0.0
0.99,0.26,0.0,0.0
3.6,0.39,0.0,0.0
2.18,0.42,0.0,0.0
0.61,0.22,0.0,0.0
0.83,0.17,0.0,0.0
0.6,0.17,0.0,0.0
0.93,0.17,0.0,0.0
1.1,0.2,0.0,0.0
1.16,0.21,0.0,0.0
0.96,0.19,0.0,0.0
0.32,0.16,0.0,0.0
0.83,0.17,0.0,0.0
0.86,0.18,0.0,0.0
0.59,0.15,0.0,0.0
0.68,0.17,0.0,0.0
0.71,0.17,0.0,0.0
0.97,0.18,0.0,0.0
0.64,0.16,0.0,0.0
3.47,0.34,0.0,0.0
1.39,0.34,0.0,0.0
7.36,0.91,0.0,0.0
1.11,0.64,0.0,0.0
0.77,0.3,0.0,0.0
0.44,0.17,0.0,0.0
0.83,0.18,0.0,0.0
0.68,0.18,0.0,0.0
0.67,0.16,0.0,0.0
0.4,0.16,0.0,0.0
0.86,0.18,0.0,0.0
0.89,0.19,0.0,0.0
0.85,0.18,0.0,0.0
0.56,0.17,0.0,0.0
0.74,0.17,0.0,0.0
0.78,0.17,0.0,0.0
0.55,0.17,0.0,0.0
0.65,0.29,0.0,0.0
0.94,0.29,0.0,0.0
0.9,0.17,0.0,0.0
0.86,0.17,0.0,0.0
2.63,0.34,0.0,0.0
0.87,0.31,0.0,0.0
0.76,0.17,0.0,0.0
0.79,0.17,0.0,0.0
0.43,0.15,0.0,0.0
1.1,0.19,0.0,0.0
0.87,0.17,0.0,0.0
0.41,0.16,0.0,0.0
0.96,0.18,0.0,0.0
0.63,0.17,0.0,0.0
2.38,0.34,0.0,0.0
2.11,0.33,0.0,0.0
1.8,0.37,0.0,0.0
0.63,0.26,0.0,0.0
0.65,0.17,0.0,0.0
0.76,0.18,0.0,0.0
0.56,0.15,0.0,0.0
0.64,0.15,0.0,0.0
0.94,0.18,0.0,0.0
0.5,0.16,0.0,0.0
1.02,0.2,0.0,0.0
1.04,0.2,0.0,0.0
0.61,0.18,0.0,0.0
0.37,0.16,0.0,0.0
0.39,0.14,0.0,0.0
0.12,0.11,0.0,0.0
0.31,0.12,0.0,0.0
0.44,0.14,0.0,0.0
0.93,0.17,0.0,0.0
0.85,0.19,0.0,0.0
0.57,0.16,0.0,0.0
0.23,0.13,0.0,0.0
0.8,0.18,0.0,0.0
1.01,0.18,0.0,0.0
0.64,0.17,0.0,0.0
0.58,0.16,0.0,0.0
0.42,0.15,0.0,0.0
0.59,0.15,0.0,0.0
0.64,0.16,0.0,0.0
0.81,0.18,0.0,0.0
1.55,0.21,0.0,0.0
0.92,0.19,0.0,0.0
0.47,0.17,0.0,0.0
0.61,0.16,0.0,0.0
0.63,0.16,0.0,0.0
0.74,0.17,0.0,0.0
0.68,0.16,0.0,0.0
0.47,0.16,0.0,0.0
0.77,0.18,0.0,0.0
0.6,0.17,0.0,0.0
0.53,0.16,0.0,0.0
0.78,0.18,0.0,0.0
0.58,0.15,0.0,0.0
0.58,0.16,0.0,0.0
0.55,0.17,0.0,0.0
0.57,0.16,0.0,0.0
0.51,0.16,0.0,0.0
0.82,0.18,0.0,0.0
0.61,0.17,0.0,0.0
0.51,0.15,0.0,0.0
0.32,0.15,0.0,0.0
1.01,0.19,0.0,0.0
0.86,0.2,0.0,0.0
0.52,0.16,0.0,0.0
0.79,0.17,0.0,0.0
1.05,0.18,0.0,0.0
0.51,0.17,0.0,0.0
0.63,0.17,0.0,0.0
0.69,0.18,0.0,0.0
0.68,0.19,0.0,0.0
0.43,0.15,0.0,0.0
0.64,0.17,0.0,0.0
0.94,0.19,0.0,0.0
0.38,0.15,0.0,0.0
0.58,0.16,0.0,0.0
0.5,0.15,0.0,0.0
0.92,0.18,0.0,0.0
0.61,0.18,0.0,0.0
0.78,0.17,0.0,0.0
0.36,0.16,0.0,0.0
0.88,0.17,0.0,0.0
0.29,0.14,0.0,0.0
0.81,0.17,0.0,0.0
0.7,0.18,0.0,0.0
0.3,0.13,0.0,0.0
0.22,0.12,0.0,0.0
0.27,0.13,0.0,0.0
0.96,0.23,0.0,0.0
1.57,0.23,0.0,0.0
1.27,0.25,0.0,0.0
0.81,0.19,0.0,0.0
0.97,0.18,0.0,0.0
1.16,0.2,0.0,0.0
0.72,0.18,0.0,0.0
0.78,0.19,0.0,0.0
0.48,0.15,0.0,0.0
0.7,0.16,0.0,0.0
0.52,0.15,0.0,0.0
0.72,0.16,0.0,0.0
0.55,0.18,0.0,0.0
0.73,0.16,0.0,0.0
1.1,0.2,0.0,0.0
0.79,0.19,0.0,0.0
0.54,0.17,0.0,0.0
2.1,0.28,0.0,0.0
0.57,0.32,0.0,0.0
0.91,0.33,0.0,0.0
1.04,0.2,0.0,0.0
0.97,0.21,0.0,0.0
1.23,0.21,0.0,0.0
0.38,0.17,0.0,0.0
1.18,0.2,0.0,0.0
1.04,0.21,0.0,0.0
0.91,0.21,0.0,0.0
2.72,0.37,0.0,0.0
0.53,0.29,0.0,0.0
0.75,0.18,0.0,0.0
0.64,0.17,0.0,0.0
1.06,0.19,0.0,0.0
0.48,0.15,0.0,0.0
0.55,0.15,0.0,0.0
1.15,0.2,0.0,0.0
2.56,0.33,0.0,0.0
6.55,0.68,0.0,0.0
1.17,0.51,0.0,0.0
0.51,0.24,0.0,0.0
0.31,0.15,0.0,0.0
0.92,0.19,0.0,0.0
0.79,0.17,0.0,0.0
0.58,0.17,0.0,0.0
0.75,0.18,0.0,0.0
0.9,0.18,0.0,0.0
0.57,0.16,0.0,0.0
0.55,0.16,0.0,0.0
0.83,0.18,0.0,0.0
0.68,0.17,0.0,0.0
0.82,0.18,0.0,0.0
0.71,0.18,0.0,0.0
0.59,0.19,0.0,0.0
0.45,0.16,0.0,0.0
1.56,0.21,0.0,0.0
0.67,0.29,0.0,0.0
0.39,0.19,0.0,0.0
0.79,0.18,0.0,0.0
0.29,0.15,0.0,0.0
1.62,0.26,0.0,0.0
0.27,0.21,0.0,0.0
0.53,0.15,0.0,0.0
0.56,0.15,0.0,0.0
0.69,0.18,0.0,0.0
0.73,0.17,0.0,0.0
0.36,0.15,0.0,0.0
0.68,0.18,0.0,0.0
2.84,0.54,0.0,0.0
1.81,0.53,0.0,0.0
1.45,0.25,0.0,0.0
1.36,0.33,0.0,0.0
0.71,0.26,0.0,0.0
0.71,0.18,0.0,0.0
0.84,0.21,0.0,0.0
0.74,0.17,0.0,0.0
0.55,0.17,0.0,0.0
0.89,0.19,0.0,0.0
0.5,0.15,0.0,0.0
1.09,0.21,0.0,0.0
0.58,0.18,0.0,0.0
0.49,0.18,0.0,0.0
0.7,0.17,0.0,0.0
0.61,0.16,0.0,0.0
0.62,0.18,0.0,0.0
0.7,0.18,0.0,0.0
0.68,0.18,0.0,0.0
0.49,0.14,0.0,0.0
0.62,0.16,0.0,0.0
0.63,0.18,0.0,0.0
0.5,0.17,0.0,0.0
0.98,0.19,0.0,0.0
0.74,0.19,0.0,0.0
0.61,0.18,0.0,0.0
0.77,0.19,0.0,0.0
0.57,0.19,0.0,0.0
0.53,0.15,0.0,0.0
0.73,0.17,0.0,0.0
0.73,0.18,0.0,0.0
0.68,0.18,0.0,0.0
0.87,0.19,0.0,0.0
0.59,0.17,0.0,0.0
0.56,0.19,0.0,0.0
0.62,0.18,0.0,0.0
0.99,0.2,0.0,0.0
0.75,0.19,0.0,0.0
0.71,0.18,0.0,0.0
0.45,0.18,0.0,0.0
0.62,0.19,0.0,0.0
0.68,0.18,0.0,0.0
0.59,0.17,0.0,0.0
0.65,0.16,0.0,0.0
0.82,0.2,0.0,0.0
0.9,0.19,0.0,0.0
0.64,0.17,0.0,0.0
0.62,0.17,0.0,0.0
0.39,0.15,0.0,0.0
0.6,0.19,0.0,0.0
0.78,0.18,0.0,0.0
0.19,0.14,0.0,0.0
0.13,0.13,0.0,0.0
0.13,0.11,0.0,0.0
0.56,0.15,0.0,0.0
0.24,0.14,0.0,0.0
0.19,0.11,0.0,0.0
2.06,0.29,0.0,0.0
0.42,0.22,0.0,0.0
0.61,0.16,0.0,0.0
0.93,0.21,0.0,0.0
0.68,0.2,0.0,0.0
0.52,0.15,0.0,0.0
0.53,0.15,0.0,0.0
0.7,0.17,0.0,0.0
0.65,0.18,0.0,0.0
0.78,0.17,0.0,0.0
0.84,0.17,0.0,0.0
0.54,0.18,0.0,0.0
0.57,0.18,0.0,0.0
0.6,0.17,0.0,0.0
0.97,0.19,0.0,0.0
0.44,0.16,0.0,0.0
0.62,0.17,0.0,0.0
0.71,0.16,0.0,0.0
0.64,0.17,0.0,0.0
0.5,0.18,0.0,0.0
0.46,0.17,0.0,0.0
1.51,0.21,0.0,0.0
1.55,0.31,0.0,0.0
0.44,0.2,0.0,0.0
0.83,0.17,0.0,0.0
0.59,0.16,0.0,0.0
0.62,0.16,0.0,0.0
0.7,0.18,0.0,0.0
0.43,0.14,0.0,0.0
0.67,0.17,0.0,0.0
0.38,0.14,0.0,0.0
0.54,0.15,0.0,0.0
0.82,0.17,0.0,0.0
0.7,0.18,0.0,0.0
0.42,0.15,0.0,0.0
0.6,0.17,0.0,0.0
1.79,0.32,0.0,0.0
0.79,0.31,0.0,0.0
1.06,0.22,0.0,0.0
1.93,0.29,0.0,0.0
1.13,0.34,0.0,0.0
0.83,0.2,0.0,0.0
0.94,0.22,0.0,0.0
0.75,0.17,0.0,0.0
0.86,0.21,0.0,0.0
1.42,0.22,0.0,0.0
0.65,0.2,0.0,0.0
1.0,0.19,0.0,0.0
0.49,0.17,0.0,0.0
0.52,0.16,0.0,0.0
0.87,0.17,0.0,0.0
0.92,0.18,0.0,0.0
0.88,0.24,0.0,0.0
0.66,0.18,0.0,0.0
1.38,0.24,0.0,0.0
0.92,0.23,0.0,0.0
0.55,0.15,0.0,0.0
1.56,0.35,0.0,0.01
0.4,0.13,0.0,0.01
2.25,0.25,0.0,0.01
1.27,0.28,0.0,0.01
0.72,0.27,0.0,0.01
0.57,0.22,0.0,0.01
1.14,0.18,0.0,0.01
0.8,0.19,0.0,0.01
0.56,0.15,0.0,0.01
0.62,0.15,0.0,0.01
1.0,0.16,0.0,0.01
0.94,0.2,0.0,0.01
0.46,0.16,0.0,0.01
1.14,0.18,0.0,0.01
0.65,0.17,0.0,0.01
0.86,0.16,0.0,0.01
1.05,0.22,0.0,0.01
2.81,0.51,0.0,0.01
6.82,0.99,0.0,0.01
1.92,0.83,0.0,0.01
1.53,0.39,0.0,0.01
3.2,0.41,0.0,0.01
1.52,0.4,0.0,0.01
1.2,0.27,0.0,0.01
0.56,0.21,0.0,0.01
0.86,0.19,0.0,0.01
1.13,0.26,0.0,0.01
1.27,0.3,0.0,0.01
0.55,0.22,0.0,0.01
0.64,0.15,0.0,0.01
0.6,0.15,0.0,0.01
0.55,0.14,0.0,0.01
1.04,0.19,0.0,0.01
0.96,0.24,0.0,0.01
1.72,0.29,0.0,0.01
0.68,0.22,0.0,0.01
0.96,0.2,0.0,0.01
0.92,0.21,0.0,0.01
0.59,0.19,0.0,0.01
0.68,0.17,0.0,0.01
0.43,0.15,0.0,0.01
0.7,0.19,0.0,0.01
0.44,0.15,0.0,0.01
0.54,0.15,0.0,0.01
0.77,0.17,0.0,0.01
0.53,0.21,0.0,0.01
0.2,0.14,0.0,0.01
0.47,0.14,0.0,0.01
0.55,0.16,0.0,0.01
0.89,0.18,0.0,0.01
2.15,0.29,0.0,0.01
0.61,0.24,0.0,0.01
0.71,0.18,0.0,0.01
0.36,0.14,0.0,0.01
0.59,0.15,0.0,0.01
0.52,0.15,0.0,0.01
0.99,0.18,0.0,0.01
1.06,0.19,0.0,0.01
0.73,0.16,0.0,0.01
0.37,0.15,0.0,0.01
0.48,0.14,0.0,0.01
0.34,0.13,0.0,0.01
0.2,0.1,0.0,0.01
0.28,0.11,0.0,0.01
0.74,0.17,0.0,0.01
0.48,0.14,0.0,0.01
1.06,0.18,0.0,0.01
0.83,0.19,0.0,0.01
1.43,0.2,0.0,0.01
0.7,0.2,0.0,0.01
0.59,0.15,0.0,0.01
0.26,0.13,0.0,0.01
0.9,0.22,0.0,0.01
0.57,0.17,0.0,0.01
0.64,0.15,0.0,0.01
0.86,0.16,0.0,0.01
0.64,0.15,0.0,0.01
1.26,0.19,0.0,0.01
0.45,0.15,0.0,0.01
0.63,0.18,0.0,0.01
0.0,0.0,0.0,0.0
0.59,0.16,0.0,0.01
0.78,0.16,0.0,0.01
0.55,0.15,0.0,0.01
0.68,0.15,0.0,0.01
0.78,0.16,0.0,0.01
1.16,0.2,0.0,0.01
0.87,0.18,0.0,0.01
0.6,0.21,0.0,0.01
1.57,0.27,0.0,0.01
0.65,0.22,0.0,0.01
1.02,0.21,0.0,0.01
0.74,0.18,0.0,0.01
0.76,0.18,0.0,0.01
0.88,0.19,0.0,0.01
0.88,0.17,0.0,0.01
0.81,0.18,0.0,0.01
1.13,0.18,0.0,0.01
0.74,0.18,0.0,0.01
0.93,0.18,0.0,0.01
1.22,0.21,0.0,0.01
0.4,0.16,0.0,0.01
0.61,0.15,0.0,0.01
0.79,0.19,0.0,0.01
0.64,0.17,0.0,0.01
1.12,0.19,0.0,0.01
0.5,0.16,0.0,0.01
0.96,0.17,0.0,0.01
1.68,0.21,0.0,0.01
0.78,0.21,0.0,0.01
1.06,0.19,0.0,0.01
1.01,0.18,0.0,0.01
0.9,0.18,0.0,0.01
3.34,0.32,0.0,0.01
1.39,0.29,0.0,0.01
1.53,0.2,0.0,0.01
1.33,0.22,0.0,0.01
1.07,0.2,0.0,0.01
0.58,0.18,0.0,0.01
0.76,0.19,0.0,0.01
0.48,0.15,0.0,0.01
0.58,0.15,0.0,0.01
0.88,0.17,0.0,0.01
0.4,0.15,0.0,0.01
0.59,0.14,0.0,0.01
0.73,0.16,0.0,0.01
0.67,0.18,0.0,0.01
0.46,0.16,0.0,0.01
2.0,0.28,0.0,0.01
1.04,0.22,0.0,0.01
1.43,0.25,0.0,0.01
0.04,0.01,0.0,0.0
0.75,0.28,0.0,0.01
0.73,0.18,0.0,0.01
1.32,0.2,0.0,0.01
0.64,0.17,0.0,0.01
1.1,0.2,0.0,0.01
1.26,0.2,0.0,0.01
0.86,0.19,0.0,0.01
0.69,0.17,0.0,0.01
0.7,0.18,0.0,0.0
0.78,0.16,0.0,0.0
0.7,0.16,0.0,0.0
0.93,0.19,0.0,0.0
0.68,0.17,0.0,0.0
0.58,0.17,0.0,0.0
0.81,0.17,0.0,0.0
1.03,0.19,0.0,0.0
0.85,0.19,0.0,0.0
0.61,0.16,0.0,0.0
0.94,0.17,0.0,0.0
0.54,0.18,0.0,0.0
0.8,0.18,0.0,0.0
0.73,0.19,0.0,0.0
0.88,0.18,0.0,0.0
0.76,0.17,0.0,0.0
1.15,0.2,0.0,0.0
1.74,0.3,0.0,0.0
2.91,0.4,0.0,0.0
4.96,0.88,0.0,0.0
1.47,0.68,0.0,0.0
1.0,0.21,0.0,0.0
0.82,0.2,0.0,0.0
0.94,0.21,0.0,0.0
0.55,0.32,0.0,0.0
1.11,0.35,0.0,0.0
0.71,0.15,0.0,0.0
1.05,0.2,0.0,0.0
0.9,0.19,0.0,0.0
0.78,0.45,0.0,0.0
0.57,0.38,0.0,0.0
0.82,0.19,0.0,0.0
0.58,0.18,0.0,0.0
0.95,0.18,0.0,0.0
0.79,0.19,0.0,0.0
0.69,0.17,0.0,0.0
0.68,0.17,0.0,0.0
0.95,0.18,0.0,0.0
1.03,0.19,0.0,0.0
2.56,0.32,0.0,0.0
2.46,0.31,0.0,0.0
2.73,0.32,0.0,0.0
0.36,0.22,0.0,0.0
0.33,0.17,0.0,0.0
0.38,0.14,0.0,0.0
0.63,0.19,0.0,0.0
0.89,0.18,0.0,0.0
0.97,0.19,0.0,0.0
0.73,0.18,0.0,0.0
0.95,0.2,0.0,0.0
1.01,0.2,0.0,0.0
0.78,0.19,0.0,0.0
1.06,0.41,0.0,0.0
0.79,0.36,0.0,0.0
0.89,0.24,0.0,0.0
0.51,0.19,0.0,0.0
0.57,0.16,0.0,0.0
0.92,0.19,0.0,0.0
0.96,0.2,0.0,0.0
0.35,0.17,0.0,0.0
1.29,0.22,0.0,0.0
0.48,0.18,0.0,0.0
0.87,0.19,0.0,0.0
0.73,0.18,0.0,0.0
0.41,0.17,0.0,0.0
0.88,0.17,0.0,0.0
1.26,0.21,0.0,0.0
0.73,0.18,0.0,0.0
0.62,0.18,0.0,0.0
0.86,0.2,0.0,0.0
1.01,0.2,0.0,0.0
0.42,0.18,0.0,0.0
1.22,0.2,0.0,0.0
0.65,0.2,0.0,0.0
0.6,0.17,0.0,0.0
0.65,0.19,0.0,0.0
1.21,0.2,0.0,0.0
0.83,0.2,0.0,0.0
0.56,0.16,0.0,0.0
1.1,0.21,0.0,0.0
0.73,0.21,0.0,0.0
0.86,0.2,0.0,0.0
0.82,0.18,0.0,0.0
0.83,0.2,0.0,0.0
1.55,0.24,0.0,0.0
0.64,0.21,0.0,0.0
0.69,0.17,0.0,0.0
0.65,0.18,0.0,0.0
0.44,0.17,0.0,0.0
0.76,0.18,0.0,0.0
0.69,0.18,0.0,0.0
0.87,0.19,0.0,0.0
0.81,0.19,0.0,0.0
1.11,0.2,0.0,0.0
0.48,0.19,0.0,0.0
0.95,0.2,0.0,0.0
0.35,0.17,0.0,0.0
0.99,0.21,0.0,0.0
1.03,0.21,0.0,0.0
0.93,0.23,0.0,0.0
0.64,0.2,0.0,0.0
0.47,0.14,0.0,0.0
0.79,0.21,0.0,0.0
0.4,0.17,0.0,0.0
0.76,0.2,0.0,0.0
0.63,0.18,0.0,0.0
0.93,0.18,0.0,0.0
0.87,0.18,0.0,0.0
0.94,0.21,0.0,0.0
0.73,0.19,0.0,0.0
0.87,0.21,0.0,0.0
1.03,0.19,0.0,0.0
0.73,0.17,0.0,0.0
1.01,0.19,0.0,0.0
0.48,0.17,0.0,0.0
0.88,0.19,0.0,0.0
1.94,0.23,0.0,0.0
2.1,0.3,0.0,0.0
0.79,0.19,0.0,0.0
0.57,0.26,0.0,0.0
0.32,0.22,0.0,0.0
0.75,0.17,0.0,0.0
0.6,0.18,0.0,0.0
0.88,0.19,0.0,0.0
0.73,0.19,0.0,0.0
0.7,0.17,0.0,0.0
0.78,0.19,0.0,0.0
0.92,0.22,0.0,0.0
0.41,0.15,0.0,0.0
1.23,0.2,0.0,0.0
0.94,0.19,0.0,0.0
0.62,0.18,0.0,0.0
2.48,0.4,0.0,0.0
1.29,0.35,0.0,0.0
2.03,0.34,0.0,0.0
1.32,0.31,0.0,0.0
1.62,0.24,0.0,0.0
0.85,0.22,0.0,0.0
0.62,0.18,0.0,0.0
1.18,0.23,0.0,0.0
0.98,0.22,0.0,0.0
1.34,0.3,0.0,0.0
0.79,0.25,0.0,0.0
0.82,0.21,0.0,0.0
0.53,0.19,0.0,0.0
0.72,0.18,0.0,0.0
0.85,0.18,0.0,0.0
0.66,0.18,0.0,0.0
1.28,0.24,0.0,0.0
1.11,0.26,0.0,0.0
0.69,0.17,0.0,0.0
0.73,0.19,0.0,0.0
0.88,0.2,0.0,0.0
0.95,0.19,0.0,0.0
0.72,0.18,0.0,0.0
0.72,0.2,0.0,0.0
0.65,0.18,0.0,0.0
0.66,0.17,0.0,0.0
0.66,0.17,0.0,0.0
0.76,0.18,0.0,0.0
0.71,0.19,0.0,0.0
0.34,0.15,0.0,0.0
0.15,0.11,0.0,0.0
0.97,0.17,0.0,0.0
0.83,0.19,0.0,0.0
0.69,0.18,0.0,0.0
0.72,0.23,0.0,0.0
0.76,0.19,0.0,0.0
0.59,0.18,0.0,0.0
1.05,0.21,0.0,0.0
1.05,0.2,0.0,0.0
2.56,0.41,0.0,0.0
0.72,0.38,0.0,0.0
0.57,0.21,0.0,0.0
0.8,0.22,0.0,0.0
0.99,0.2,0.0,0.0
0.61,0.17,0.0,0.0
0.81,0.19,0.0,0.0
0.92,0.19,0.0,0.0
0.73,0.19,0.0,0.0
0.96,0.2,0.0,0.0
0.68,0.28,0.0,0.0
0.71,0.22,0.0,0.0
1.26,0.3,0.0,0.0
1.69,0.36,0.0,0.0
1.04,0.3,0.0,0.0
0.71,0.17,0.0,0.0
1.88,0.25,0.0,0.0
1.33,0.26,0.0,0.0
0.64,0.21,0.0,0.0
0.66,0.19,0.0,0.0
0.87,0.18,0.0,0.0
0.9,0.19,0.0,0.0
0.41,0.16,0.0,0.0
0.49,0.15,0.0,0.0
1.22,0.24,0.0,0.0
2.63,0.35,0.0,0.0
6.65,0.73,0.0,0.0
1.28,0.69,0.0,0.0
1.35,0.51,0.0,0.0
1.46,0.33,0.0,0.0
1.47,0.28,0.0,0.0
1.58,0.26,0.0,0.0
0.8,0.26,0.0,0.0
0.27,0.2,0.0,0.0
0.42,0.16,0.0,0.0
1.02,0.22,0.0,0.0
0.62,0.2,0.0,0.0
0.8,0.19,0.0,0.0
2.57,0.27,0.0,0.0
0.93,0.51,0.0,0.0
0.46,0.42,0.0,0.0
0.79,0.18,0.0,0.0
0.67,0.17,0.0,0.0
0.69,0.18,0.0,0.0
0.97,0.2,0.0,0.0
0.51,0.18,0.0,0.0
0.83,0.19,0.0,0.0
0.91,0.2,0.0,0.0
0.66,0.18,0.0,0.0
0.33,0.15,0.0,0.0
0.22,0.12,0.0,0.0
0.15,0.12,0.0,0.0
0.73,0.17,0.0,0.0
0.79,0.18,0.0,0.0
0.74,0.18,0.0,0.0
0.74,0.19,0.0,0.0
0.83,0.21,0.0,0.0
0.89,0.19,0.0,0.0
0.41,0.2,0.0,0.0
0.59,0.2,0.0,0.0
2.69,0.26,0.0,0.0
0.9,0.38,0.0,0.0
1.19,0.3,0.0,0.0
0.98,0.22,0.0,0.0
1.4,0.26,0.0,0.0
0.66,0.2,0.0,0.0
0.56,0.17,0.0,0.0
0.62,0.2,0.0,0.0
0.31,0.16,0.0,0.0
0.55,0.17,0.0,0.0
0.82,0.22,0.0,0.0
0.74,0.21,0.0,0.0
0.92,0.2,0.0,0.0
0.5,0.17,0.0,0.0
0.88,0.17,0.0,0.0
0.89,0.23,0.0,0.0
0.9,0.21,0.0,0.0
0.88,0.19,0.0,0.0
1.07,0.19,0.0,0.0
0.64,0.19,0.0,0.0
0.96,0.2,0.0,0.0
0.7,0.19,0.0,0.0
1.01,0.19,0.0,0.0
0.79,0.18,0.0,0.0
1.16,0.2,0.0,0.0
0.37,0.16,0.0,0.0
0.49,0.15,0.0,0.0
0.74,0.19,0.0,0.0
1.98,0.26,0.0,0.0
0.8,0.26,0.0,0.0
3.18,0.33,0.0,0.0
1.06,0.29,0.0,0.0
0.66,0.18,0.0,0.0
1.37,0.22,0.0,0.0
1.03,0.24,0.0,0.0
0.97,0.18,0.0,0.0
0.0,0.0,0.0,0.0
0.84,0.18,0.0,0.0
0.68,0.18,0.0,0.0
1.08,0.19,0.0,0.0
1.36,0.22,0.0,0.0
0.54,0.19,0.0,0.0
0.78,0.17,0.0,0.0
1.02,0.24,0.0,0.0
1.32,0.25,0.0,0.0
1.18,0.22,0.0,0.0
1.31,0.26,0.0,0.0
2.3,0.34,0.0,0.0
0.88,0.29,0.0,0.0
1.58,0.25,0.0,0.0
0.99,0.23,0.0,0.0
1.02,0.18,0.0,0.0
0.49,0.16,0.0,0.0
1.21,0.22,0.0,0.0
1.52,0.23,0.0,0.0
1.57,0.25,0.0,0.0
1.19,0.24,0.0,0.0
1.4,0.23,0.0,0.0
1.16,0.26,0.0,0.0
1.25,0.22,0.0,0.0
1.73,0.28,0.0,0.0
2.39,0.57,0.0,0.0
1.89,0.5,0.0,0.0
0.91,0.21,0.0,0.0
1.05,0.22,0.0,0.0
1.28,0.26,0.0,0.0
0.48,0.2,0.0,0.0
0.83,0.18,0.0,0.0
0.34,0.15,0.0,0.0
0.82,0.18,0.0,0.0
0.7,0.17,0.0,0.0
0.69,0.19,0.0,0.0
0.7,0.16,0.0,0.0
0.72,0.34,0.0,0.0
0.64,0.28,0.0,0.0
1.0,0.18,0.0,0.0
1.45,0.24,0.0,0.0
1.1,0.23,0.0,0.0
1.25,0.22,0.0,0.0
0.72,0.24,0.0,0.0
0.99,0.21,0.0,0.0
4.28,0.49,0.0,0.0
0.71,0.34,0.0,0.0
0.89,0.19,0.0,0.0
1.61,0.38,0.0,0.0
1.18,0.36,0.0,0.0
0.69,0.17,0.0,0.0
0.78,0.19,0.0,0.0
0.93,0.22,0.0,0.0
0.92,0.22,0.0,0.0
0.88,0.24,0.0,0.0
0.86,0.22,0.0,0.0
0.85,0.19,0.0,0.0
0.61,0.2,0.0,0.0
0.87,0.19,0.0,0.0
0.91,0.19,0.0,0.0
0.99,0.23,0.0,0.0
1.31,0.27,0.0,0.0
0.59,0.23,0.0,0.0
1.13,0.21,0.0,0.0
2.26,0.3,0.0,0.0
2.4,0.34,0.0,0.0
2.27,0.32,0.0,0.0
1.45,0.36,0.0,0.0
1.31,0.31,0.0,0.0
1.28,0.25,0.0,0.0
0.82,0.23,0.0,0.0
0.6,0.18,0.0,0.0
1.1,0.24,0.0,0.0
0.44,0.19,0.0,0.0
0.8,0.18,0.0,0.0
0.57,0.16,0.0,0.0
0.42,0.15,0.0,0.0
0.77,0.18,0.0,0.0
0.38,0.16,0.0,0.0
1.05,0.19,0.0,0.0
0.59,0.18,0.0,0.0
0.84,0.19,0.0,0.0
0.98,0.19,0.0,0.0
1.1,0.2,0.0,0.0
0.81,0.2,0.0,0.0
0.79,0.17,0.0,0.0
0.55,0.17,0.0,0.0
0.77,0.18,0.0,0.0
0.81,0.22,0.0,0.0
1.0,0.2,0.0,0.0
0.92,0.2,0.0,0.0
0.93,0.19,0.0,0.0
1.0,0.2,0.0,0.0
1.04,0.21,0.0,0.0
0.52,0.16,0.0,0.0
1.16,0.21,0.0,0.0
1.2,0.23,0.0,0.0
0.88,0.25,0.0,0.0
0.77,0.22,0.0,0.0
0.89,0.2,0.0,0.0
0.51,0.17,0.0,0.0
0.64,0.21,0.0,0.0
1.2,0.23,0.0,0.0
1.14,0.23,0.0,0.0
0.88,0.24,0.0,0.0
0.87,0.17,0.0,0.0
0.74,0.19,0.0,0.0
0.94,0.19,0.0,0.0
0.72,0.19,0.0,0.0
0.29,0.13,0.0,0.0
1.12,0.19,0.0,0.0
1.25,0.23,0.0,0.0
3.69,0.37,0.0,0.0
0.86,0.41,0.0,0.0
0.84,0.27,0.0,0.0
0.96,0.25,0.0,0.0
0.73,0.23,0.0,0.0
0.7,0.17,0.0,0.0
1.37,0.22,0.0,0.0
0.68,0.22,0.0,0.0
0.82,0.2,0.0,0.0
1.04,0.22,0.0,0.0
0.87,0.23,0.0,0.0
0.72,0.18,0.0,0.0
0.94,0.19,0.0,0.0
0.54,0.17,0.0,0.0
0.81,0.2,0.0,0.0
0.6,0.16,0.0,0.0
0.98,0.22,0.0,0.0
0.79,0.18,0.0,0.0
0.68,0.18,0.0,0.0
0.66,0.17,0.0,0.0
0.6,0.18,0.0,0.0
0.83,0.19,0.0,0.0
0.56,0.18,0.0,0.0
0.16,0.12,0.0,0.0
0.57,0.16,0.0,0.0
0.85,0.18,0.0,0.0
2.15,0.3,0.0,0.0
1.24,0.28,0.0,0.0
2.14,0.33,0.0,0.0
0.69,0.26,0.0,0.0
0.76,0.18,0.0,0.0
1.11,0.21,0.0,0.0
0.92,0.2,0.0,0.0
1.31,0.22,0.0,0.0
0.87,0.22,0.0,0.0
0.86,0.18,0.0,0.0
1.11,0.2,0.0,0.0
0.86,0.24,0.0,0.0
0.9,0.19,0.0,0.0
1.02,0.19,0.0,0.0
0.85,0.19,0.0,0.0
1.53,0.21,0.0,0.0
1.0,0.45,0.0,0.0
1.14,0.41,0.0,0.0
1.99,0.28,0.0,0.0
1.85,0.3,0.0,0.0
1.59,0.28,0.0,0.0
2.12,0.36,0.0,0.0
1.2,0.31,0.0,0.0
1.23,0.21,0.0,0.0
1.13,0.22,0.0,0.0
1.12,0.21,0.0,0.0
1.04,0.21,0.0,0.0
0.77,0.19,0.0,0.0
0.77,0.18,0.0,0.0
0.86,0.19,0.0,0.0
0.53,0.17,0.0,0.0
0.99,0.2,0.0,0.0
0.96,0.19,0.0,0.0
0.84,0.21,0.0,0.0
0.81,0.19,0.0,0.0
0.88,0.19,0.0,0.0
0.88,0.18,0.0,0.0
0.91,0.2,0.0,0.0
1.36,0.21,0.0,0.0
2.04,0.25,0.0,0.0
2.36,0.3,0.0,0.0
2.23,0.34,0.0,0.0
0.84,0.26,0.0,0.0
0.9,0.19,0.0,0.0
0.72,0.2,0.0,0.0
1.03,0.2,0.0,0.0
0.94,0.22,0.0,0.0
0.76,0.2,0.0,0.0
0.77,0.2,0.0,0.0
1.24,0.21,0.0,0.0
0.75,0.23,0.0,0.0
1.42,0.21,0.0,0.0
0.73,0.22,0.0,0.0
1.07,0.2,0.0,0.0
0.97,0.19,0.0,0.0
0.81,0.19,0.0,0.0
0.82,0.3,0.0,0.0
0.58,0.24,0.0,0.0
0.68,0.17,0.0,0.0
0.9,0.19,0.0,0.0
0.86,0.2,0.0,0.0
1.06,0.21,0.0,0.0
0.94,0.27,0.0,0.0
0.78,0.21,0.0,0.0
0.88,0.2,0.0,0.0
1.11,0.2,0.0,0.0
1.16,0.2,0.0,0.0
1.48,0.24,0.0,0.0
0.73,0.21,0.0,0.0
1.14,0.22,0.0,0.0
2.96,0.3,0.0,0.0
0.0,0.0,0.0,0.0
1.48,0.34,0.0,0.0
1.72,0.27,0.0,0.0
0.89,0.23,0.0,0.0
1.12,0.2,0.0,0.0
0.65,0.21,0.0,0.0
1.24,0.21,0.0,0.0
0.56,0.19,0.0,0.0
0.72,0.21,0.0,0.0
0.54,0.19,0.0,0.0
0.77,0.21,0.0,0.0
2.77,0.33,0.0,0.0
1.12,0.4,0.0,0.0
0.74,0.33,0.0,0.0
1.38,0.29,0.0,0.0
1.57,0.31,0.0,0.0
0.83,0.28,0.0,0.0
0.86,0.2,0.0,0.0
0.81,0.22,0.0,0.0
1.04,0.22,0.0,0.0
1.38,0.22,0.0,0.0
0.75,0.2,0.0,0.0
1.31,0.22,0.0,0.0
0.84,0.21,0.0,0.0
0.68,0.19,0.0,0.0
1.12,0.24,0.0,0.0
1.0,0.24,0.0,0.0
0.85,0.2,0.0,0.0
0.75,0.19,0.0,0.0
0.61,0.18,0.0,0.0
0.51,0.18,0.0,0.0
0.6,0.17,0.0,0.0
0.64,0.19,0.0,0.0
0.8,0.2,0.0,0.0
0.8,0.19,0.0,0.0
1.58,0.25,0.0,0.0
0.92,0.23,0.0,0.0
1.03,0.24,0.0,0.0
0.79,0.22,0.0,0.0
0.53,0.2,0.0,0.0
0.87,0.19,0.0,0.0
0.74,0.19,0.0,0.0
0.78,0.19,0.0,0.0
0.64,0.2,0.0,0.0
0.91,0.23,0.0,0.0
1.0,0.24,0.0,0.0
1.03,0.25,0.0,0.0
0.53,0.18,0.0,0.0
0.76,0.19,0.0,0.0
0.55,0.17,0.0,0.0
0.84,0.19,0.0,0.0
1.27,0.25,0.0,0.0
0.62,0.23,0.0,0.0
1.07,0.24,0.0,0.0
1.27,0.24,0.0,0.0
0.93,0.22,0.0,0.0
1.09,0.22,0.0,0.0
0.59,0.19,0.0,0.0
0.46,0.16,0.0,0.0
0.88,0.18,0.0,0.0
0.48,0.18,0.0,0.0
0.46,0.16,0.0,0.0
0.72,0.18,0.0,0.0
0.47,0.18,0.0,0.0
0.96,0.19,0.0,0.0
1.79,0.25,0.0,0.0
1.21,0.24,0.0,0.0
0.4,0.16,0.0,0.0
0.59,0.17,0.0,0.0
0.87,0.18,0.0,0.0
0.78,0.2,0.0,0.0
0.59,0.19,0.0,0.0
0.43,0.24,0.0,0.0
0.55,0.23,0.0,0.0
1.15,0.21,0.0,0.0
0.98,0.2,0.0,0.0
2.3,0.27,0.0,0.0
0.8,0.24,0.0,0.0
0.61,0.16,0.0,0.0
0.65,0.17,0.0,0.0
1.03,0.24,0.0,0.0
0.82,0.23,0.0,0.0
1.04,0.23,0.0,0.0
0.95,0.2,0.0,0.0
0.77,0.19,0.0,0.0
1.38,0.22,0.0,0.0
0.61,0.24,0.0,0.0
0.95,0.2,0.0,0.0
0.39,0.17,0.0,0.0
0.97,0.18,0.0,0.0
0.91,0.22,0.0,0.0
2.48,0.29,0.0,0.0
1.05,0.29,0.0,0.0
1.54,0.26,0.0,0.0
0.48,0.22,0.0,0.0
0.86,0.21,0.0,0.0
1.13,0.21,0.0,0.0
0.99,0.2,0.0,0.0
0.91,0.2,0.0,0.0
1.24,0.2,0.0,0.0
1.38,0.23,0.0,0.0
0.77,0.23,0.0,0.0
0.82,0.19,0.0,0.0
1.3,0.22,0.0,0.0
0.71,0.2,0.0,0.0
0.83,0.19,0.0,0.0
0.91,0.19,0.0,0.0
0.74,0.19,0.0,0.0
0.5,0.17,0.0,0.0
0.97,0.19,0.0,0.0
1.05,0.21,0.0,0.0
0.56,0.18,0.0,0.0
0.96,0.2,0.0,0.0
0.94,0.19,0.0,0.0
0.71,0.18,0.0,0.0
0.45,0.15,0.0,0.0
0.53,0.17,0.0,0.0
0.52,0.16,0.0,0.0
0.64,0.17,0.0,0.0
1.66,0.22,0.0,0.0
1.62,0.28,0.0,0.0
3.62,0.36,0.0,0.0
0.91,0.35,0.0,0.0
0.78,0.24,0.0,0.0
0.64,0.18,0.0,0.0
0.55,0.17,0.0,0.0
1.37,0.21,0.0,0.0
0.81,0.3,0.0,0.0
0.86,0.26,0.0,0.0
0.81,0.21,0.0,0.0
0.91,0.26,0.0,0.0
1.31,0.25,0.0,0.0
1.47,0.24,0.0,0.0
1.19,0.25,0.0,0.0
2.09,0.27,0.0,0.0
1.3,0.25,0.0,0.0
1.22,0.25,0.0,0.0
1.08,0.24,0.0,0.0
0.79,0.2,0.0,0.0
0.71,0.2,0.0,0.0
0.56,0.17,0.0,0.0
1.09,0.22,0.0,0.0
0.4,0.18,0.0,0.0
1.2,0.27,0.0,0.0
3.0,0.33,0.0,0.0
2.59,0.34,0.0,0.0
1.66,0.33,0.0,0.0
0.89,0.22,0.0,0.0
0.9,0.21,0.0,0.0
1.59,0.26,0.0,0.0
1.21,0.23,0.0,0.0
0.99,0.22,0.0,0.0
0.68,0.2,0.0,0.0
0.95,0.22,0.0,0.0
0.51,0.2,0.0,0.0
0.71,0.19,0.0,0.0
0.79,0.2,0.0,0.0
0.6,0.19,0.0,0.0
1.01,0.23,0.0,0.0
0.63,0.19,0.0,0.0
0.54,0.21,0.0,0.0
0.77,0.2,0.0,0.0
0.84,0.2,0.0,0.0
0.75,0.19,0.0,0.0
1.61,0.26,0.0,0.0
0.71,0.24,0.0,0.0
0.65,0.21,0.0,0.0
0.39,0.17,0.0,0.0
0.4,0.17,0.0,0.0
1.1,0.19,0.0,0.0
0.81,0.2,0.0,0.0
1.11,0.22,0.0,0.0
0.72,0.2,0.0,0.0
1.69,0.24,0.0,0.0
0.81,0.22,0.0,0.0
1.56,0.25,0.0,0.0
1.26,0.25,0.0,0.0
0.74,0.21,0.0,0.0
0.84,0.2,0.0,0.0
1.02,0.22,0.0,0.0
0.69,0.2,0.0,0.0
0.95,0.23,0.0,0.0
0.56,0.18,0.0,0.0
1.86,0.33,0.0,0.0
0.82,0.31,0.0,0.0
0.84,0.2,0.0,0.0
0.68,0.26,0.0,0.0
1.03,0.28,0.0,0.0
0.84,0.26,0.0,0.0
0.56,0.16,0.0,0.0
0.73,0.18,0.0,0.0
0.84,0.2,0.0,0.0
0.87,0.19,0.0,0.0
0.89,0.19,0.0,0.0
1.02,0.21,0.0,0.0
1.01,0.22,0.0,0.0
1.22,0.22,0.0,0.0
0.97,0.24,0.0,0.0
0.8,0.23,0.0,0.0
0.89,0.22,0.0,0.0
0.98,0.21,0.0,0.0
0.49,0.19,0.0,0.0
0.63,0.19,0.0,0.0
1.05,0.22,0.0,0.0
0.39,0.19,0.0,0.0
0.77,0.19,0.0,0.0
0.69,0.18,0.0,0.0
1.19,0.21,0.0,0.0
0.82,0.2,0.0,0.0
1.03,0.21,0.0,0.0
0.87,0.2,0.0,0.0
0.68,0.19,0.0,0.0
0.6,0.18,0.0,0.0
0.94,0.2,0.0,0.0
0.72,0.19,0.0,0.0
0.97,0.2,0.0,0.0
0.74,0.21,0.0,0.0
0.89,0.18,0.0,0.0
1.62,0.34,0.0,0.0
1.05,0.26,0.0,0.0
1.04,0.21,0.0,0.0
0.82,0.2,0.0,0.0
0.67,0.19,0.0,0.0
0.35,0.15,0.0,0.0
1.15,0.19,0.0,0.0
0.78,0.2,0.0,0.0
0.56,0.16,0.0,0.0
0.27,0.15,0.0,0.0
0.13,0.11,0.0,0.0
0.66,0.18,0.0,0.0
0.51,0.17,0.0,0.0
0.91,0.21,0.0,0.0
0.83,0.2,0.0,0.0
1.0,0.19,0.0,0.0
1.27,0.27,0.0,0.0
1.38,0.25,0.0,0.0
1.26,0.28,0.0,0.0
1.08,0.22,0.0,0.0
0.78,0.2,0.0,0.0
0.99,0.2,0.0,0.0
1.15,0.23,0.0,0.0
0.88,0.21,0.0,0.0
1.81,0.26,0.0,0.0
0.85,0.22,0.0,0.0
1.26,0.23,0.0,0.0
1.07,0.2,0.0,0.0
1.15,0.23,0.0,0.0
0.74,0.19,0.0,0.0
0.73,0.17,0.0,0.0
0.6,0.17,0.0,0.0
0.76,0.2,0.0,0.0
1.06,0.2,0.0,0.0
0.77,0.2,0.0,0.0
0.89,0.19,0.0,0.0
0.78,0.2,0.0,0.0
0.79,0.18,0.0,0.0
0.79,0.18,0.0,0.0
0.92,0.19,0.0,0.0
0.79,0.21,0.0,0.0
0.66,0.19,0.0,0.0
0.43,0.18,0.0,0.0
0.72,0.19,0.0,0.0
0.72,0.2,0.0,0.0
0.62,0.17,0.0,0.0
0.61,0.17,0.0,0.0
0.59,0.18,0.0,0.0
1.07,0.24,0.0,0.0
0.71,0.21,0.0,0.0
0.74,0.18,0.0,0.0
0.86,0.2,0.0,0.0
3.05,0.4,0.0,0.0
1.19,0.5,0.0,0.0
1.11,0.26,0.0,0.0
0.56,0.22,0.0,0.0
0.92,0.19,0.0,0.0
1.0,0.2,0.0,0.0
0.84,0.21,0.0,0.0
0.59,0.19,0.0,0.0
0.93,0.19,0.0,0.0
0.98,0.21,0.0,0.0
1.09,0.2,0.0,0.0
0.8,0.2,0.0,0.0
0.78,0.18,0.0,0.0
0.73,0.18,0.0,0.0
0.88,0.19,0.0,0.0
0.97,0.2,0.0,0.0
0.55,0.18,0.0,0.0
0.7,0.18,0.0,0.0
1.31,0.22,0.0,0.0
2.42,0.27,0.0,0.0
2.88,0.36,0.0,0.0
0.51,0.27,0.0,0.0
0.59,0.18,0.0,0.0
1.13,0.21,0.0,0.0
0.8,0.21,0.0,0.0
0.5,0.2,0.0,0.0
0.56,0.17,0.0,0.0
0.74,0.19,0.0,0.0
0.88,0.19,0.0,0.0
0.89,0.19,0.0,0.0
0.51,0.18,0.0,0.0
0.85,0.21,0.0,0.0
0.84,0.2,0.0,0.0
1.02,0.2,0.0,0.0
0.88,0.21,0.0,0.0
1.17,0.2,0.0,0.0
0.77,0.19,0.0,0.0
1.05,0.21,0.0,0.0
1.03,0.2,0.0,0.0
0.76,0.2,0.0,0.0
0.64,0.17,0.0,0.0
0.54,0.16,0.0,0.0
0.82,0.22,0.0,0.0
0.81,0.2,0.0,0.0
0.98,0.2,0.0,0.0
0.9,0.19,0.0,0.0
0.69,0.18,0.0,0.0
0.68,0.17,0.0,0.0
0.65,0.18,0.0,0.0
0.85,0.2,0.0,0.0
0.66,0.19,0.0,0.0
0.89,0.19,0.0,0.0
0.93,0.19,0.0,0.0
0.71,0.19,0.0,0.0
0.65,0.2,0.0,0.0
0.98,0.19,0.0,0.0
0.87,0.19,0.0,0.0
0.63,0.17,0.0,0.0
0.86,0.19,0.0,0.0
0.62,0.2,0.0,0.0
0.67,0.18,0.0,0.0
1.01,0.2,0.0,0.0
0.94,0.2,0.0,0.0
1.11,0.2,0.0,0.0
0.93,0.18,0.0,0.0
0.92,0.22,0.0,0.0
0.65,0.17,0.0,0.0
0.8,0.2,0.0,0.0
0.75,0.18,0.0,0.0
0.76,0.27,0.0,0.0
1.13,0.27,0.0,0.0
1.42,0.26,0.0,0.0
0.53,0.22,0.0,0.0
1.1,0.2,0.0,0.0
0.97,0.21,0.0,0.0
0.57,0.17,0.0,0.0
1.09,0.19,0.0,0.0
0.19,0.15,0.0,0.0
0.38,0.14,0.0,0.0
0.42,0.15,0.0,0.0
0.48,0.16,0.0,0.0
0.9,0.18,0.0,0.0
0.68,0.19,0.0,0.0
1.08,0.23,0.0,0.0
0.76,0.2,0.0,0.0
1.05,0.21,0.0,0.0
1.09,0.2,0.0,0.0
0.71,0.19,0.0,0.0
0.74,0.19,0.0,0.0
0.87,0.19,0.0,0.0
1.0,0.2,0.0,0.0
0.81,0.25,0.0,0.0
0.83,0.22,0.0,0.0
0.9,0.19,0.0,0.0
1.18,0.23,0.0,0.0
1.31,0.22,0.0,0.0
1.15,0.22,0.0,0.0
0.76,0.18,0.0,0.0
1.03,0.2,0.0,0.0
3.16,0.33,0.0,0.0
1.23,0.3,0.0,0.0
1.06,0.2,0.0,0.0
0.9,0.21,0.0,0.0
0.54,0.18,0.0,0.0
1.1,0.21,0.0,0.0
1.43,0.22,0.0,0.0
0.66,0.21,0.0,0.0
1.39,0.21,0.0,0.0
1.61,0.23,0.0,0.0
1.96,0.32,0.0,0.0
2.0,0.31,0.0,0.0
1.31,0.24,0.0,0.0
2.04,0.28,0.0,0.0
1.35,0.27,0.0,0.0
1.36,0.23,0.0,0.0
1.78,0.24,0.0,0.0
1.76,0.26,0.0,0.0
1.15,0.25,0.0,0.0
2.58,0.31,0.0,0.0
1.71,0.31,0.0,0.0
0.83,0.19,0.0,0.0
1.39,0.22,0.0,0.0
0.69,0.21,0.0,0.0
0.86,0.19,0.0,0.0
0.73,0.19,0.0,0.0
0.34,0.14,0.0,0.0
1.06,0.2,0.0,0.0
0.59,0.18,0.0,0.0
0.88,0.19,0.0,0.0
0.57,0.18,0.0,0.0
1.08,0.2,0.0,0.0
0.77,0.21,0.0,0.0
0.98,0.2,0.0,0.0
0.76,0.19,0.0,0.0
1.18,0.21,0.0,0.0
0.89,0.21,0.0,0.0
0.77,0.21,0.0,0.0
0.41,0.19,0.0,0.0
0.25,0.16,0.0,0.0
0.6,0.16,0.0,0.0
0.88,0.18,0.0,0.0
0.99,0.2,0.0,0.0
0.88,0.2,0.0,0.0
0.81,0.23,0.0,0.0
